file,line,type,commit,author,date,time,timezone,datetime,depth,length
style.css,1,css,d9423522,PrishaMaiti,2026-04-15,23:57:40,-07:00,2026-04-15T23:57:40-07:00,0,4
style.css,2,css,d9423522,PrishaMaiti,2026-04-15,23:57:40,-07:00,2026-04-15T23:57:40-07:00,0,23
style.css,3,css,d9423522,PrishaMaiti,2026-04-15,23:57:40,-07:00,2026-04-15T23:57:40-07:00,0,0
style.css,4,css,d9423522,PrishaMaiti,2026-04-15,23:57:40,-07:00,2026-04-15T23:57:40-07:00,0,0
style.css,5,css,d9423522,PrishaMaiti,2026-04-15,23:57:40,-07:00,2026-04-15T23:57:40-07:00,0,4
style.css,6,css,d9423522,PrishaMaiti,2026-04-15,23:57:40,-07:00,2026-04-15T23:57:40-07:00,0,25
style.css,7,css,d9423522,PrishaMaiti,2026-04-15,23:57:40,-07:00,2026-04-15T23:57:40-07:00,0,30
style.css,8,css,d9423522,PrishaMaiti,2026-04-15,23:57:40,-07:00,2026-04-15T23:57:40-07:00,0,32
style.css,9,css,d9423522,PrishaMaiti,2026-04-15,23:57:40,-07:00,2026-04-15T23:57:40-07:00,0,42
style.css,10,css,d9423522,PrishaMaiti,2026-04-15,23:57:40,-07:00,2026-04-15T23:57:40-07:00,0,32
style.css,11,css,d9423522,PrishaMaiti,2026-04-15,23:57:40,-07:00,2026-04-15T23:57:40-07:00,0,33
style.css,12,css,d9423522,PrishaMaiti,2026-04-15,23:57:40,-07:00,2026-04-15T23:57:40-07:00,0,32
style.css,13,css,d9423522,PrishaMaiti,2026-04-15,23:57:40,-07:00,2026-04-15T23:57:40-07:00,0,43
style.css,14,css,d9423522,PrishaMaiti,2026-04-15,23:57:40,-07:00,2026-04-15T23:57:40-07:00,0,0
style.css,15,css,d9423522,PrishaMaiti,2026-04-15,23:57:40,-07:00,2026-04-15T23:57:40-07:00,0,0
style.css,16,css,d9423522,PrishaMaiti,2026-04-15,23:57:40,-07:00,2026-04-15T23:57:40-07:00,0,24
style.css,17,css,caa56360,PrishaMaiti,2026-04-10,21:07:13,-07:00,2026-04-10T21:07:13-07:00,0,30
style.css,18,css,caa56360,PrishaMaiti,2026-04-10,21:07:13,-07:00,2026-04-10T21:07:13-07:00,0,32
style.css,19,css,caa56360,PrishaMaiti,2026-04-10,21:07:13,-07:00,2026-04-10T21:07:13-07:00,0,41
style.css,20,css,caa56360,PrishaMaiti,2026-04-10,21:07:13,-07:00,2026-04-10T21:07:13-07:00,0,32
style.css,21,css,caa56360,PrishaMaiti,2026-04-10,21:07:13,-07:00,2026-04-10T21:07:13-07:00,0,33
style.css,22,css,caa56360,PrishaMaiti,2026-04-10,21:07:13,-07:00,2026-04-10T21:07:13-07:00,0,32
style.css,23,css,caa56360,PrishaMaiti,2026-04-10,21:07:13,-07:00,2026-04-10T21:07:13-07:00,0,43
style.css,24,css,d9423522,PrishaMaiti,2026-04-15,23:57:40,-07:00,2026-04-15T23:57:40-07:00,0,0
style.css,25,css,d9423522,PrishaMaiti,2026-04-15,23:57:40,-07:00,2026-04-15T23:57:40-07:00,0,0
style.css,26,css,d9423522,PrishaMaiti,2026-04-15,23:57:40,-07:00,2026-04-15T23:57:40-07:00,0,35
style.css,27,css,d9423522,PrishaMaiti,2026-04-15,23:57:40,-07:00,2026-04-15T23:57:40-07:00,0,24
style.css,28,css,d9423522,PrishaMaiti,2026-04-15,23:57:40,-07:00,2026-04-15T23:57:40-07:00,0,30
style.css,29,css,d9423522,PrishaMaiti,2026-04-15,23:57:40,-07:00,2026-04-15T23:57:40-07:00,0,32
style.css,30,css,d9423522,PrishaMaiti,2026-04-15,23:57:40,-07:00,2026-04-15T23:57:40-07:00,0,41
style.css,31,css,d9423522,PrishaMaiti,2026-04-15,23:57:40,-07:00,2026-04-15T23:57:40-07:00,0,32
style.css,32,css,d9423522,PrishaMaiti,2026-04-15,23:57:40,-07:00,2026-04-15T23:57:40-07:00,0,33
style.css,33,css,d9423522,PrishaMaiti,2026-04-15,23:57:40,-07:00,2026-04-15T23:57:40-07:00,0,32
style.css,34,css,d9423522,PrishaMaiti,2026-04-15,23:57:40,-07:00,2026-04-15T23:57:40-07:00,0,43
style.css,35,css,d9423522,PrishaMaiti,2026-04-15,23:57:40,-07:00,2026-04-15T23:57:40-07:00,0,0
style.css,36,css,d9423522,PrishaMaiti,2026-04-15,23:57:40,-07:00,2026-04-15T23:57:40-07:00,0,0
style.css,37,css,d9423522,PrishaMaiti,2026-04-15,23:57:40,-07:00,2026-04-15T23:57:40-07:00,0,0
style.css,38,css,d9423522,PrishaMaiti,2026-04-15,23:57:40,-07:00,2026-04-15T23:57:40-07:00,0,4
style.css,39,css,29585aba,PrishaMaiti,2026-04-02,10:43:39,-07:00,2026-04-02T10:43:39-07:00,1,43
style.css,40,css,29585aba,PrishaMaiti,2026-04-02,10:43:39,-07:00,2026-04-02T10:43:39-07:00,0,42
style.css,41,css,29585aba,PrishaMaiti,2026-04-02,10:43:39,-07:00,2026-04-02T10:43:39-07:00,0,0
style.css,42,css,29585aba,PrishaMaiti,2026-04-02,10:43:39,-07:00,2026-04-02T10:43:39-07:00,1,23
style.css,43,css,caa56360,PrishaMaiti,2026-04-10,21:07:13,-07:00,2026-04-10T21:07:13-07:00,0,23
style.css,44,css,caa56360,PrishaMaiti,2026-04-10,21:07:13,-07:00,2026-04-10T21:07:13-07:00,0,14
style.css,45,css,caa56360,PrishaMaiti,2026-04-10,21:07:13,-07:00,2026-04-10T21:07:13-07:00,0,18
style.css,46,css,caa56360,PrishaMaiti,2026-04-10,21:07:13,-07:00,2026-04-10T21:07:13-07:00,0,19
style.css,47,css,caa56360,PrishaMaiti,2026-04-10,21:07:13,-07:00,2026-04-10T21:07:13-07:00,0,19
style.css,48,css,caa56360,PrishaMaiti,2026-04-10,21:07:13,-07:00,2026-04-10T21:07:13-07:00,0,16
style.css,49,css,caa56360,PrishaMaiti,2026-04-10,21:07:13,-07:00,2026-04-10T21:07:13-07:00,0,9
style.css,50,css,caa56360,PrishaMaiti,2026-04-10,21:07:13,-07:00,2026-04-10T21:07:13-07:00,0,78
style.css,51,css,caa56360,PrishaMaiti,2026-04-10,21:07:13,-07:00,2026-04-10T21:07:13-07:00,0,77
style.css,52,css,caa56360,PrishaMaiti,2026-04-10,21:07:13,-07:00,2026-04-10T21:07:13-07:00,0,58
style.css,53,css,caa56360,PrishaMaiti,2026-04-10,21:07:13,-07:00,2026-04-10T21:07:13-07:00,0,0
style.css,54,css,caa56360,PrishaMaiti,2026-04-10,21:07:13,-07:00,2026-04-10T21:07:13-07:00,0,0
style.css,55,css,caa56360,PrishaMaiti,2026-04-10,21:07:13,-07:00,2026-04-10T21:07:13-07:00,0,1
style.css,56,css,caa56360,PrishaMaiti,2026-04-10,21:07:13,-07:00,2026-04-10T21:07:13-07:00,0,1
style.css,57,css,caa56360,PrishaMaiti,2026-04-10,21:07:13,-07:00,2026-04-10T21:07:13-07:00,0,1
style.css,58,css,caa56360,PrishaMaiti,2026-04-10,21:07:13,-07:00,2026-04-10T21:07:13-07:00,0,1
style.css,59,css,caa56360,PrishaMaiti,2026-04-10,21:07:13,-07:00,2026-04-10T21:07:13-07:00,0,1
style.css,60,css,caa56360,PrishaMaiti,2026-04-10,21:07:13,-07:00,2026-04-10T21:07:13-07:00,0,2
style.css,61,css,caa56360,PrishaMaiti,2026-04-10,21:07:13,-07:00,2026-04-10T21:07:13-07:00,0,15
style.css,62,css,caa56360,PrishaMaiti,2026-04-10,21:07:13,-07:00,2026-04-10T21:07:13-07:00,0,17
style.css,63,css,caa56360,PrishaMaiti,2026-04-10,21:07:13,-07:00,2026-04-10T21:07:13-07:00,0,0
style.css,64,css,caa56360,PrishaMaiti,2026-04-10,21:07:13,-07:00,2026-04-10T21:07:13-07:00,0,0
style.css,65,css,caa56360,PrishaMaiti,2026-04-10,21:07:13,-07:00,2026-04-10T21:07:13-07:00,0,2
style.css,66,css,caa56360,PrishaMaiti,2026-04-10,21:07:13,-07:00,2026-04-10T21:07:13-07:00,0,36
style.css,67,css,caa56360,PrishaMaiti,2026-04-10,21:07:13,-07:00,2026-04-10T21:07:13-07:00,0,21
style.css,68,css,caa56360,PrishaMaiti,2026-04-10,21:07:13,-07:00,2026-04-10T21:07:13-07:00,0,48
style.css,69,css,caa56360,PrishaMaiti,2026-04-10,21:07:13,-07:00,2026-04-10T21:07:13-07:00,0,19
style.css,70,css,caa56360,PrishaMaiti,2026-04-10,21:07:13,-07:00,2026-04-10T21:07:13-07:00,0,0
style.css,71,css,caa56360,PrishaMaiti,2026-04-10,21:07:13,-07:00,2026-04-10T21:07:13-07:00,0,0
style.css,72,css,caa56360,PrishaMaiti,2026-04-10,21:07:13,-07:00,2026-04-10T21:07:13-07:00,0,2
style.css,73,css,caa56360,PrishaMaiti,2026-04-10,21:07:13,-07:00,2026-04-10T21:07:13-07:00,0,23
style.css,74,css,caa56360,PrishaMaiti,2026-04-10,21:07:13,-07:00,2026-04-10T21:07:13-07:00,0,16
style.css,75,css,caa56360,PrishaMaiti,2026-04-10,21:07:13,-07:00,2026-04-10T21:07:13-07:00,0,12
style.css,76,css,caa56360,PrishaMaiti,2026-04-10,21:07:13,-07:00,2026-04-10T21:07:13-07:00,0,20
style.css,77,css,caa56360,PrishaMaiti,2026-04-10,21:07:13,-07:00,2026-04-10T21:07:13-07:00,0,0
style.css,78,css,caa56360,PrishaMaiti,2026-04-10,21:07:13,-07:00,2026-04-10T21:07:13-07:00,0,0
style.css,79,css,caa56360,PrishaMaiti,2026-04-10,21:07:13,-07:00,2026-04-10T21:07:13-07:00,0,2
style.css,80,css,caa56360,PrishaMaiti,2026-04-10,21:07:13,-07:00,2026-04-10T21:07:13-07:00,0,17
style.css,81,css,caa56360,PrishaMaiti,2026-04-10,21:07:13,-07:00,2026-04-10T21:07:13-07:00,0,8
style.css,82,css,caa56360,PrishaMaiti,2026-04-10,21:07:13,-07:00,2026-04-10T21:07:13-07:00,0,0
style.css,83,css,caa56360,PrishaMaiti,2026-04-10,21:07:13,-07:00,2026-04-10T21:07:13-07:00,0,0
style.css,84,css,caa56360,PrishaMaiti,2026-04-10,21:07:13,-07:00,2026-04-10T21:07:13-07:00,0,5
style.css,85,css,caa56360,PrishaMaiti,2026-04-10,21:07:13,-07:00,2026-04-10T21:07:13-07:00,0,6
style.css,86,css,caa56360,PrishaMaiti,2026-04-10,21:07:13,-07:00,2026-04-10T21:07:13-07:00,0,16
style.css,87,css,caa56360,PrishaMaiti,2026-04-10,21:07:13,-07:00,2026-04-10T21:07:13-07:00,0,0
style.css,88,css,caa56360,PrishaMaiti,2026-04-10,21:07:13,-07:00,2026-04-10T21:07:13-07:00,0,0
style.css,89,css,caa56360,PrishaMaiti,2026-04-10,21:07:13,-07:00,2026-04-10T21:07:13-07:00,0,3
style.css,90,css,d9423522,PrishaMaiti,2026-04-15,23:57:40,-07:00,2026-04-15T23:57:40-07:00,0,39
style.css,91,css,caa56360,PrishaMaiti,2026-04-10,21:07:13,-07:00,2026-04-10T21:07:13-07:00,0,12
style.css,92,css,caa56360,PrishaMaiti,2026-04-10,21:07:13,-07:00,2026-04-10T21:07:13-07:00,0,14
style.css,93,css,caa56360,PrishaMaiti,2026-04-10,21:07:13,-07:00,2026-04-10T21:07:13-07:00,0,20
style.css,94,css,d9423522,PrishaMaiti,2026-04-15,23:57:40,-07:00,2026-04-15T23:57:40-07:00,0,43
style.css,95,css,caa56360,PrishaMaiti,2026-04-10,21:07:13,-07:00,2026-04-10T21:07:13-07:00,0,25
style.css,96,css,caa56360,PrishaMaiti,2026-04-10,21:07:13,-07:00,2026-04-10T21:07:13-07:00,0,0
style.css,97,css,caa56360,PrishaMaiti,2026-04-10,21:07:13,-07:00,2026-04-10T21:07:13-07:00,0,0
style.css,98,css,caa56360,PrishaMaiti,2026-04-10,21:07:13,-07:00,2026-04-10T21:07:13-07:00,0,5
style.css,99,css,caa56360,PrishaMaiti,2026-04-10,21:07:13,-07:00,2026-04-10T21:07:13-07:00,0,6
style.css,100,css,caa56360,PrishaMaiti,2026-04-10,21:07:13,-07:00,2026-04-10T21:07:13-07:00,0,17
style.css,101,css,caa56360,PrishaMaiti,2026-04-10,21:07:13,-07:00,2026-04-10T21:07:13-07:00,0,14
style.css,102,css,caa56360,PrishaMaiti,2026-04-10,21:07:13,-07:00,2026-04-10T21:07:13-07:00,0,20
style.css,103,css,caa56360,PrishaMaiti,2026-04-10,21:07:13,-07:00,2026-04-10T21:07:13-07:00,0,13
style.css,104,css,caa56360,PrishaMaiti,2026-04-10,21:07:13,-07:00,2026-04-10T21:07:13-07:00,0,49
style.css,105,css,caa56360,PrishaMaiti,2026-04-10,21:07:13,-07:00,2026-04-10T21:07:13-07:00,0,0
style.css,106,css,caa56360,PrishaMaiti,2026-04-10,21:07:13,-07:00,2026-04-10T21:07:13-07:00,0,0
style.css,107,css,caa56360,PrishaMaiti,2026-04-10,21:07:13,-07:00,2026-04-10T21:07:13-07:00,0,13
style.css,108,css,caa56360,PrishaMaiti,2026-04-10,21:07:13,-07:00,2026-04-10T21:07:13-07:00,0,15
style.css,109,css,caa56360,PrishaMaiti,2026-04-10,21:07:13,-07:00,2026-04-10T21:07:13-07:00,0,43
style.css,110,css,caa56360,PrishaMaiti,2026-04-10,21:07:13,-07:00,2026-04-10T21:07:13-07:00,0,20
style.css,111,css,caa56360,PrishaMaiti,2026-04-10,21:07:13,-07:00,2026-04-10T21:07:13-07:00,0,49
style.css,112,css,caa56360,PrishaMaiti,2026-04-10,21:07:13,-07:00,2026-04-10T21:07:13-07:00,0,0
style.css,113,css,caa56360,PrishaMaiti,2026-04-10,21:07:13,-07:00,2026-04-10T21:07:13-07:00,0,0
style.css,114,css,caa56360,PrishaMaiti,2026-04-10,21:07:13,-07:00,2026-04-10T21:07:13-07:00,0,1
style.css,115,css,caa56360,PrishaMaiti,2026-04-10,21:07:13,-07:00,2026-04-10T21:07:13-07:00,0,23
style.css,116,css,caa56360,PrishaMaiti,2026-04-10,21:07:13,-07:00,2026-04-10T21:07:13-07:00,0,46
style.css,117,css,caa56360,PrishaMaiti,2026-04-10,21:07:13,-07:00,2026-04-10T21:07:13-07:00,0,27
style.css,118,css,caa56360,PrishaMaiti,2026-04-10,21:07:13,-07:00,2026-04-10T21:07:13-07:00,0,0
style.css,119,css,caa56360,PrishaMaiti,2026-04-10,21:07:13,-07:00,2026-04-10T21:07:13-07:00,0,0
style.css,120,css,caa56360,PrishaMaiti,2026-04-10,21:07:13,-07:00,2026-04-10T21:07:13-07:00,0,9
style.css,121,css,caa56360,PrishaMaiti,2026-04-10,21:07:13,-07:00,2026-04-10T21:07:13-07:00,0,12
style.css,122,css,caa56360,PrishaMaiti,2026-04-10,21:07:13,-07:00,2026-04-10T21:07:13-07:00,0,58
style.css,123,css,caa56360,PrishaMaiti,2026-04-10,21:07:13,-07:00,2026-04-10T21:07:13-07:00,0,7
style.css,124,css,caa56360,PrishaMaiti,2026-04-10,21:07:13,-07:00,2026-04-10T21:07:13-07:00,0,0
style.css,125,css,caa56360,PrishaMaiti,2026-04-10,21:07:13,-07:00,2026-04-10T21:07:13-07:00,0,0
style.css,126,css,caa56360,PrishaMaiti,2026-04-10,21:07:13,-07:00,2026-04-10T21:07:13-07:00,0,17
style.css,127,css,caa56360,PrishaMaiti,2026-04-10,21:07:13,-07:00,2026-04-10T21:07:13-07:00,0,12
style.css,128,css,caa56360,PrishaMaiti,2026-04-10,21:07:13,-07:00,2026-04-10T21:07:13-07:00,0,26
style.css,129,css,caa56360,PrishaMaiti,2026-04-10,21:07:13,-07:00,2026-04-10T21:07:13-07:00,0,15
style.css,130,css,caa56360,PrishaMaiti,2026-04-10,21:07:13,-07:00,2026-04-10T21:07:13-07:00,0,7
style.css,131,css,caa56360,PrishaMaiti,2026-04-10,21:07:13,-07:00,2026-04-10T21:07:13-07:00,0,0
style.css,132,css,caa56360,PrishaMaiti,2026-04-10,21:07:13,-07:00,2026-04-10T21:07:13-07:00,0,0
style.css,133,css,caa56360,PrishaMaiti,2026-04-10,21:07:13,-07:00,2026-04-10T21:07:13-07:00,0,12
style.css,134,css,caa56360,PrishaMaiti,2026-04-10,21:07:13,-07:00,2026-04-10T21:07:13-07:00,0,8
style.css,135,css,caa56360,PrishaMaiti,2026-04-10,21:07:13,-07:00,2026-04-10T21:07:13-07:00,0,0
style.css,136,css,caa56360,PrishaMaiti,2026-04-10,21:07:13,-07:00,2026-04-10T21:07:13-07:00,0,0
style.css,137,css,caa56360,PrishaMaiti,2026-04-10,21:07:13,-07:00,2026-04-10T21:07:13-07:00,0,13
style.css,138,css,caa56360,PrishaMaiti,2026-04-10,21:07:13,-07:00,2026-04-10T21:07:13-07:00,0,10
style.css,139,css,caa56360,PrishaMaiti,2026-04-10,21:07:13,-07:00,2026-04-10T21:07:13-07:00,0,0
style.css,140,css,caa56360,PrishaMaiti,2026-04-10,21:07:13,-07:00,2026-04-10T21:07:13-07:00,0,0
style.css,141,css,6c81636b,PrishaMaiti,2026-04-30,23:14:37,-07:00,2026-04-30T23:14:37-07:00,0,18
style.css,142,css,6c81636b,PrishaMaiti,2026-04-30,23:14:37,-07:00,2026-04-30T23:14:37-07:00,0,8
style.css,143,css,6c81636b,PrishaMaiti,2026-04-30,23:14:37,-07:00,2026-04-30T23:14:37-07:00,0,0
style.css,144,css,6c81636b,PrishaMaiti,2026-04-30,23:14:37,-07:00,2026-04-30T23:14:37-07:00,0,0
style.css,145,css,6c81636b,PrishaMaiti,2026-04-30,23:14:37,-07:00,2026-04-30T23:14:37-07:00,0,13
style.css,146,css,6c81636b,PrishaMaiti,2026-04-30,23:14:37,-07:00,2026-04-30T23:14:37-07:00,0,18
style.css,147,css,6c81636b,PrishaMaiti,2026-04-30,23:14:37,-07:00,2026-04-30T23:14:37-07:00,0,16
style.css,148,css,6c81636b,PrishaMaiti,2026-04-30,23:14:37,-07:00,2026-04-30T23:14:37-07:00,0,65
style.css,149,css,6c81636b,PrishaMaiti,2026-04-30,23:14:37,-07:00,2026-04-30T23:14:37-07:00,0,0
style.css,150,css,6c81636b,PrishaMaiti,2026-04-30,23:14:37,-07:00,2026-04-30T23:14:37-07:00,0,0
style.css,151,css,caa56360,PrishaMaiti,2026-04-10,21:07:13,-07:00,2026-04-10T21:07:13-07:00,0,4
style.css,152,css,caa56360,PrishaMaiti,2026-04-10,21:07:13,-07:00,2026-04-10T21:07:13-07:00,0,12
style.css,153,css,caa56360,PrishaMaiti,2026-04-10,21:07:13,-07:00,2026-04-10T21:07:13-07:00,0,30
style.css,154,css,caa56360,PrishaMaiti,2026-04-10,21:07:13,-07:00,2026-04-10T21:07:13-07:00,0,7
style.css,155,css,caa56360,PrishaMaiti,2026-04-10,21:07:13,-07:00,2026-04-10T21:07:13-07:00,0,19
style.css,156,css,caa56360,PrishaMaiti,2026-04-10,21:07:13,-07:00,2026-04-10T21:07:13-07:00,0,39
style.css,157,css,caa56360,PrishaMaiti,2026-04-10,21:07:13,-07:00,2026-04-10T21:07:13-07:00,0,20
style.css,158,css,caa56360,PrishaMaiti,2026-04-10,21:07:13,-07:00,2026-04-10T21:07:13-07:00,0,31
style.css,159,css,caa56360,PrishaMaiti,2026-04-10,21:07:13,-07:00,2026-04-10T21:07:13-07:00,0,48
style.css,160,css,caa56360,PrishaMaiti,2026-04-10,21:07:13,-07:00,2026-04-10T21:07:13-07:00,0,0
style.css,161,css,caa56360,PrishaMaiti,2026-04-10,21:07:13,-07:00,2026-04-10T21:07:13-07:00,0,0
style.css,162,css,caa56360,PrishaMaiti,2026-04-10,21:07:13,-07:00,2026-04-10T21:07:13-07:00,0,5
style.css,163,css,caa56360,PrishaMaiti,2026-04-10,21:07:13,-07:00,2026-04-10T21:07:13-07:00,0,12
style.css,164,css,caa56360,PrishaMaiti,2026-04-10,21:07:13,-07:00,2026-04-10T21:07:13-07:00,0,29
style.css,165,css,caa56360,PrishaMaiti,2026-04-10,21:07:13,-07:00,2026-04-10T21:07:13-07:00,0,18
style.css,166,css,caa56360,PrishaMaiti,2026-04-10,21:07:13,-07:00,2026-04-10T21:07:13-07:00,0,18
style.css,167,css,caa56360,PrishaMaiti,2026-04-10,21:07:13,-07:00,2026-04-10T21:07:13-07:00,0,0
style.css,168,css,caa56360,PrishaMaiti,2026-04-10,21:07:13,-07:00,2026-04-10T21:07:13-07:00,0,0
style.css,169,css,caa56360,PrishaMaiti,2026-04-10,21:07:13,-07:00,2026-04-10T21:07:13-07:00,0,4
style.css,170,css,caa56360,PrishaMaiti,2026-04-10,21:07:13,-07:00,2026-04-10T21:07:13-07:00,0,7
style.css,171,css,caa56360,PrishaMaiti,2026-04-10,21:07:13,-07:00,2026-04-10T21:07:13-07:00,0,6
style.css,172,css,caa56360,PrishaMaiti,2026-04-10,21:07:13,-07:00,2026-04-10T21:07:13-07:00,0,12
style.css,173,css,caa56360,PrishaMaiti,2026-04-10,21:07:13,-07:00,2026-04-10T21:07:13-07:00,0,23
style.css,174,css,caa56360,PrishaMaiti,2026-04-10,21:07:13,-07:00,2026-04-10T21:07:13-07:00,0,0
style.css,175,css,caa56360,PrishaMaiti,2026-04-10,21:07:13,-07:00,2026-04-10T21:07:13-07:00,0,0
style.css,176,css,d9423522,PrishaMaiti,2026-04-15,23:57:40,-07:00,2026-04-15T23:57:40-07:00,0,6
style.css,177,css,d9423522,PrishaMaiti,2026-04-15,23:57:40,-07:00,2026-04-15T23:57:40-07:00,0,12
style.css,178,css,d9423522,PrishaMaiti,2026-04-15,23:57:40,-07:00,2026-04-15T23:57:40-07:00,0,13
style.css,179,css,d9423522,PrishaMaiti,2026-04-15,23:57:40,-07:00,2026-04-15T23:57:40-07:00,0,0
style.css,180,css,d9423522,PrishaMaiti,2026-04-15,23:57:40,-07:00,2026-04-15T23:57:40-07:00,0,0
style.css,181,css,d9423522,PrishaMaiti,2026-04-15,23:57:40,-07:00,2026-04-15T23:57:40-07:00,0,13
style.css,182,css,d9423522,PrishaMaiti,2026-04-15,23:57:40,-07:00,2026-04-15T23:57:40-07:00,0,17
style.css,183,css,d9423522,PrishaMaiti,2026-04-15,23:57:40,-07:00,2026-04-15T23:57:40-07:00,0,8
style.css,184,css,d9423522,PrishaMaiti,2026-04-15,23:57:40,-07:00,2026-04-15T23:57:40-07:00,0,10
style.css,185,css,d9423522,PrishaMaiti,2026-04-15,23:57:40,-07:00,2026-04-15T23:57:40-07:00,0,13
style.css,186,css,d9423522,PrishaMaiti,2026-04-15,23:57:40,-07:00,2026-04-15T23:57:40-07:00,0,19
style.css,187,css,d9423522,PrishaMaiti,2026-04-15,23:57:40,-07:00,2026-04-15T23:57:40-07:00,0,19
style.css,188,css,d9423522,PrishaMaiti,2026-04-15,23:57:40,-07:00,2026-04-15T23:57:40-07:00,0,18
style.css,189,css,d9423522,PrishaMaiti,2026-04-15,23:57:40,-07:00,2026-04-15T23:57:40-07:00,0,11
style.css,190,css,d9423522,PrishaMaiti,2026-04-15,23:57:40,-07:00,2026-04-15T23:57:40-07:00,0,10
style.css,191,css,d9423522,PrishaMaiti,2026-04-15,23:57:40,-07:00,2026-04-15T23:57:40-07:00,0,0
style.css,192,css,d9423522,PrishaMaiti,2026-04-15,23:57:40,-07:00,2026-04-15T23:57:40-07:00,0,0
style.css,193,css,caa56360,PrishaMaiti,2026-04-10,21:07:13,-07:00,2026-04-10T21:07:13-07:00,0,4
style.css,194,css,caa56360,PrishaMaiti,2026-04-10,21:07:13,-07:00,2026-04-10T21:07:13-07:00,0,8
style.css,195,css,caa56360,PrishaMaiti,2026-04-10,21:07:13,-07:00,2026-04-10T21:07:13-07:00,0,10
style.css,196,css,caa56360,PrishaMaiti,2026-04-10,21:07:13,-07:00,2026-04-10T21:07:13-07:00,0,21
style.css,197,css,d9423522,PrishaMaiti,2026-04-15,23:57:40,-07:00,2026-04-15T23:57:40-07:00,0,73
style.css,198,css,caa56360,PrishaMaiti,2026-04-10,21:07:13,-07:00,2026-04-10T21:07:13-07:00,0,39
style.css,199,css,caa56360,PrishaMaiti,2026-04-10,21:07:13,-07:00,2026-04-10T21:07:13-07:00,0,21
style.css,200,css,caa56360,PrishaMaiti,2026-04-10,21:07:13,-07:00,2026-04-10T21:07:13-07:00,0,22
style.css,201,css,caa56360,PrishaMaiti,2026-04-10,21:07:13,-07:00,2026-04-10T21:07:13-07:00,0,0
style.css,202,css,caa56360,PrishaMaiti,2026-04-10,21:07:13,-07:00,2026-04-10T21:07:13-07:00,0,0
style.css,203,css,caa56360,PrishaMaiti,2026-04-10,21:07:13,-07:00,2026-04-10T21:07:13-07:00,0,6
style.css,204,css,caa56360,PrishaMaiti,2026-04-10,21:07:13,-07:00,2026-04-10T21:07:13-07:00,0,18
style.css,205,css,caa56360,PrishaMaiti,2026-04-10,21:07:13,-07:00,2026-04-10T21:07:13-07:00,0,18
style.css,206,css,d9423522,PrishaMaiti,2026-04-15,23:57:40,-07:00,2026-04-15T23:57:40-07:00,0,75
style.css,207,css,caa56360,PrishaMaiti,2026-04-10,21:07:13,-07:00,2026-04-10T21:07:13-07:00,0,34
style.css,208,css,caa56360,PrishaMaiti,2026-04-10,21:07:13,-07:00,2026-04-10T21:07:13-07:00,0,20
style.css,209,css,caa56360,PrishaMaiti,2026-04-10,21:07:13,-07:00,2026-04-10T21:07:13-07:00,0,22
style.css,210,css,29585aba,PrishaMaiti,2026-04-02,10:43:39,-07:00,2026-04-02T10:43:39-07:00,0,0
style.css,211,css,29585aba,PrishaMaiti,2026-04-02,10:43:39,-07:00,2026-04-02T10:43:39-07:00,0,0
style.css,212,css,29585aba,PrishaMaiti,2026-04-02,10:43:39,-07:00,2026-04-02T10:43:39-07:00,0,3
style.css,213,css,29585aba,PrishaMaiti,2026-04-02,10:43:39,-07:00,2026-04-02T10:43:39-07:00,0,26
style.css,214,css,29585aba,PrishaMaiti,2026-04-02,10:43:39,-07:00,2026-04-02T10:43:39-07:00,0,11
style.css,215,css,29585aba,PrishaMaiti,2026-04-02,10:43:39,-07:00,2026-04-02T10:43:39-07:00,0,13
style.css,216,css,caa56360,PrishaMaiti,2026-04-10,21:07:13,-07:00,2026-04-10T21:07:13-07:00,0,0
style.css,217,css,caa56360,PrishaMaiti,2026-04-10,21:07:13,-07:00,2026-04-10T21:07:13-07:00,0,0
style.css,218,css,caa56360,PrishaMaiti,2026-04-10,21:07:13,-07:00,2026-04-10T21:07:13-07:00,0,13
style.css,219,css,caa56360,PrishaMaiti,2026-04-10,21:07:13,-07:00,2026-04-10T21:07:13-07:00,0,20
style.css,220,css,caa56360,PrishaMaiti,2026-04-10,21:07:13,-07:00,2026-04-10T21:07:13-07:00,0,14
style.css,221,css,caa56360,PrishaMaiti,2026-04-10,21:07:13,-07:00,2026-04-10T21:07:13-07:00,0,39
style.css,222,css,caa56360,PrishaMaiti,2026-04-10,21:07:13,-07:00,2026-04-10T21:07:13-07:00,0,20
style.css,223,css,d9423522,PrishaMaiti,2026-04-15,23:57:40,-07:00,2026-04-15T23:57:40-07:00,0,26
style.css,224,css,d9423522,PrishaMaiti,2026-04-15,23:57:40,-07:00,2026-04-15T23:57:40-07:00,0,5
style.css,225,css,d9423522,PrishaMaiti,2026-04-15,23:57:40,-07:00,2026-04-15T23:57:40-07:00,0,61
style.css,226,css,d9423522,PrishaMaiti,2026-04-15,23:57:40,-07:00,2026-04-15T23:57:40-07:00,0,60
style.css,227,css,d9423522,PrishaMaiti,2026-04-15,23:57:40,-07:00,2026-04-15T23:57:40-07:00,0,0
style.css,228,css,caa56360,PrishaMaiti,2026-04-10,21:07:13,-07:00,2026-04-10T21:07:13-07:00,0,52
style.css,229,css,caa56360,PrishaMaiti,2026-04-10,21:07:13,-07:00,2026-04-10T21:07:13-07:00,0,0
style.css,230,css,caa56360,PrishaMaiti,2026-04-10,21:07:13,-07:00,2026-04-10T21:07:13-07:00,0,0
style.css,231,css,caa56360,PrishaMaiti,2026-04-10,21:07:13,-07:00,2026-04-10T21:07:13-07:00,0,7
style.css,232,css,caa56360,PrishaMaiti,2026-04-10,21:07:13,-07:00,2026-04-10T21:07:13-07:00,0,19
style.css,233,css,caa56360,PrishaMaiti,2026-04-10,21:07:13,-07:00,2026-04-10T21:07:13-07:00,0,19
style.css,234,css,caa56360,PrishaMaiti,2026-04-10,21:07:13,-07:00,2026-04-10T21:07:13-07:00,0,39
style.css,235,css,caa56360,PrishaMaiti,2026-04-10,21:07:13,-07:00,2026-04-10T21:07:13-07:00,0,20
style.css,236,css,caa56360,PrishaMaiti,2026-04-10,21:07:13,-07:00,2026-04-10T21:07:13-07:00,0,31
style.css,237,css,caa56360,PrishaMaiti,2026-04-10,21:07:13,-07:00,2026-04-10T21:07:13-07:00,0,48
style.css,238,css,caa56360,PrishaMaiti,2026-04-10,21:07:13,-07:00,2026-04-10T21:07:13-07:00,0,0
style.css,239,css,caa56360,PrishaMaiti,2026-04-10,21:07:13,-07:00,2026-04-10T21:07:13-07:00,0,0
style.css,240,css,caa56360,PrishaMaiti,2026-04-10,21:07:13,-07:00,2026-04-10T21:07:13-07:00,0,17
style.css,241,css,caa56360,PrishaMaiti,2026-04-10,21:07:13,-07:00,2026-04-10T21:07:13-07:00,0,8
style.css,242,css,caa56360,PrishaMaiti,2026-04-10,21:07:13,-07:00,2026-04-10T21:07:13-07:00,0,19
style.css,243,css,caa56360,PrishaMaiti,2026-04-10,21:07:13,-07:00,2026-04-10T21:07:13-07:00,0,39
style.css,244,css,caa56360,PrishaMaiti,2026-04-10,21:07:13,-07:00,2026-04-10T21:07:13-07:00,0,20
style.css,245,css,caa56360,PrishaMaiti,2026-04-10,21:07:13,-07:00,2026-04-10T21:07:13-07:00,0,31
style.css,246,css,caa56360,PrishaMaiti,2026-04-10,21:07:13,-07:00,2026-04-10T21:07:13-07:00,0,48
style.css,247,css,caa56360,PrishaMaiti,2026-04-10,21:07:13,-07:00,2026-04-10T21:07:13-07:00,0,0
style.css,248,css,caa56360,PrishaMaiti,2026-04-10,21:07:13,-07:00,2026-04-10T21:07:13-07:00,0,0
style.css,249,css,caa56360,PrishaMaiti,2026-04-10,21:07:13,-07:00,2026-04-10T21:07:13-07:00,0,14
style.css,250,css,caa56360,PrishaMaiti,2026-04-10,21:07:13,-07:00,2026-04-10T21:07:13-07:00,0,12
style.css,251,css,caa56360,PrishaMaiti,2026-04-10,21:07:13,-07:00,2026-04-10T21:07:13-07:00,0,29
style.css,252,css,caa56360,PrishaMaiti,2026-04-10,21:07:13,-07:00,2026-04-10T21:07:13-07:00,0,8
style.css,253,css,caa56360,PrishaMaiti,2026-04-10,21:07:13,-07:00,2026-04-10T21:07:13-07:00,0,20
style.css,254,css,caa56360,PrishaMaiti,2026-04-10,21:07:13,-07:00,2026-04-10T21:07:13-07:00,0,14
style.css,255,css,caa56360,PrishaMaiti,2026-04-10,21:07:13,-07:00,2026-04-10T21:07:13-07:00,0,0
style.css,256,css,caa56360,PrishaMaiti,2026-04-10,21:07:13,-07:00,2026-04-10T21:07:13-07:00,0,0
style.css,257,css,caa56360,PrishaMaiti,2026-04-10,21:07:13,-07:00,2026-04-10T21:07:13-07:00,0,2
style.css,258,css,caa56360,PrishaMaiti,2026-04-10,21:07:13,-07:00,2026-04-10T21:07:13-07:00,0,8
style.css,259,css,caa56360,PrishaMaiti,2026-04-10,21:07:13,-07:00,2026-04-10T21:07:13-07:00,0,19
style.css,260,css,caa56360,PrishaMaiti,2026-04-10,21:07:13,-07:00,2026-04-10T21:07:13-07:00,0,0
style.css,261,css,caa56360,PrishaMaiti,2026-04-10,21:07:13,-07:00,2026-04-10T21:07:13-07:00,0,0
style.css,262,css,caa56360,PrishaMaiti,2026-04-10,21:07:13,-07:00,2026-04-10T21:07:13-07:00,0,25
style.css,263,css,caa56360,PrishaMaiti,2026-04-10,21:07:13,-07:00,2026-04-10T21:07:13-07:00,0,4
style.css,264,css,caa56360,PrishaMaiti,2026-04-10,21:07:13,-07:00,2026-04-10T21:07:13-07:00,0,21
style.css,265,css,caa56360,PrishaMaiti,2026-04-10,21:07:13,-07:00,2026-04-10T21:07:13-07:00,0,0
style.css,266,css,caa56360,PrishaMaiti,2026-04-10,21:07:13,-07:00,2026-04-10T21:07:13-07:00,0,0
style.css,267,css,caa56360,PrishaMaiti,2026-04-10,21:07:13,-07:00,2026-04-10T21:07:13-07:00,0,5
style.css,268,css,caa56360,PrishaMaiti,2026-04-10,21:07:13,-07:00,2026-04-10T21:07:13-07:00,0,12
style.css,269,css,caa56360,PrishaMaiti,2026-04-10,21:07:13,-07:00,2026-04-10T21:07:13-07:00,0,0
style.css,270,css,caa56360,PrishaMaiti,2026-04-10,21:07:13,-07:00,2026-04-10T21:07:13-07:00,0,0
style.css,271,css,caa56360,PrishaMaiti,2026-04-10,21:07:13,-07:00,2026-04-10T21:07:13-07:00,0,4
style.css,272,css,caa56360,PrishaMaiti,2026-04-10,21:07:13,-07:00,2026-04-10T21:07:13-07:00,0,25
style.css,273,css,caa56360,PrishaMaiti,2026-04-10,21:07:13,-07:00,2026-04-10T21:07:13-07:00,0,0
style.css,274,css,caa56360,PrishaMaiti,2026-04-10,21:07:13,-07:00,2026-04-10T21:07:13-07:00,0,0
style.css,275,css,caa56360,PrishaMaiti,2026-04-10,21:07:13,-07:00,2026-04-10T21:07:13-07:00,0,5
style.css,276,css,caa56360,PrishaMaiti,2026-04-10,21:07:13,-07:00,2026-04-10T21:07:13-07:00,0,25
style.css,277,css,caa56360,PrishaMaiti,2026-04-10,21:07:13,-07:00,2026-04-10T21:07:13-07:00,0,0
style.css,278,css,29585aba,PrishaMaiti,2026-04-02,10:43:39,-07:00,2026-04-02T10:43:39-07:00,0,0
index.js,1,js,9036bfe7,PrishaMaiti,2026-04-23,22:54:29,-07:00,2026-04-23T22:54:29-07:00,0,71
index.js,2,js,2f03fa2b,PrishaMaiti,2026-04-23,22:40:07,-07:00,2026-04-23T22:40:07-07:00,0,0
index.js,3,js,2f03fa2b,PrishaMaiti,2026-04-23,22:40:07,-07:00,2026-04-23T22:40:07-07:00,0,54
index.js,4,js,2f03fa2b,PrishaMaiti,2026-04-23,22:40:07,-07:00,2026-04-23T22:40:07-07:00,0,50
index.js,5,js,2f03fa2b,PrishaMaiti,2026-04-23,22:40:07,-07:00,2026-04-23T22:40:07-07:00,0,60
index.js,6,js,9036bfe7,PrishaMaiti,2026-04-23,22:54:29,-07:00,2026-04-23T22:54:29-07:00,0,54
index.js,7,js,9036bfe7,PrishaMaiti,2026-04-23,22:54:29,-07:00,2026-04-23T22:54:29-07:00,0,60
index.js,8,js,2f03fa2b,PrishaMaiti,2026-04-23,22:40:07,-07:00,2026-04-23T22:40:07-07:00,0,0
index.js,9,js,2f03fa2b,PrishaMaiti,2026-04-23,22:40:07,-07:00,2026-04-23T22:40:07-07:00,0,54
index.js,10,js,9036bfe7,PrishaMaiti,2026-04-23,22:54:29,-07:00,2026-04-23T22:54:29-07:00,0,0
index.js,11,js,9036bfe7,PrishaMaiti,2026-04-23,22:54:29,-07:00,2026-04-23T22:54:29-07:00,0,31
index.js,12,js,9036bfe7,PrishaMaiti,2026-04-23,22:54:29,-07:00,2026-04-23T22:54:29-07:00,0,24
index.js,13,js,9036bfe7,PrishaMaiti,2026-04-23,22:54:29,-07:00,2026-04-23T22:54:29-07:00,0,2
index.js,14,js,9036bfe7,PrishaMaiti,2026-04-23,22:54:29,-07:00,2026-04-23T22:54:29-07:00,0,55
index.js,15,js,9036bfe7,PrishaMaiti,2026-04-23,22:54:29,-07:00,2026-04-23T22:54:29-07:00,0,55
index.js,16,js,9036bfe7,PrishaMaiti,2026-04-23,22:54:29,-07:00,2026-04-23T22:54:29-07:00,0,49
index.js,17,js,9036bfe7,PrishaMaiti,2026-04-23,22:54:29,-07:00,2026-04-23T22:54:29-07:00,0,49
index.js,18,js,9036bfe7,PrishaMaiti,2026-04-23,22:54:29,-07:00,2026-04-23T22:54:29-07:00,0,3
index.js,19,js,9036bfe7,PrishaMaiti,2026-04-23,22:54:29,-07:00,2026-04-23T22:54:29-07:00,0,0
index.js,20,js,9036bfe7,PrishaMaiti,2026-04-23,22:54:29,-07:00,2026-04-23T22:54:29-07:00,0,0
index.html,1,html,c60099d8,PrishaMaiti,2026-04-02,00:16:12,-07:00,2026-04-02T00:16:12-07:00,0,13
index.html,2,html,c60099d8,PrishaMaiti,2026-04-02,00:16:12,-07:00,2026-04-02T00:16:12-07:00,0,14
index.html,3,html,c60099d8,PrishaMaiti,2026-04-02,00:16:12,-07:00,2026-04-02T00:16:12-07:00,0,4
index.html,4,html,c60099d8,PrishaMaiti,2026-04-02,00:16:12,-07:00,2026-04-02T00:16:12-07:00,2,20
index.html,5,html,c60099d8,PrishaMaiti,2026-04-02,00:16:12,-07:00,2026-04-02T00:16:12-07:00,2,68
index.html,6,html,c60099d8,PrishaMaiti,2026-04-02,00:16:12,-07:00,2026-04-02T00:16:12-07:00,2,54
index.html,7,html,29585aba,PrishaMaiti,2026-04-02,10:43:39,-07:00,2026-04-02T10:43:39-07:00,2,38
index.html,8,html,29585aba,PrishaMaiti,2026-04-02,10:43:39,-07:00,2026-04-02T10:43:39-07:00,0,5
index.html,9,html,29585aba,PrishaMaiti,2026-04-02,10:43:39,-07:00,2026-04-02T10:43:39-07:00,0,4
index.html,10,html,c60099d8,PrishaMaiti,2026-04-02,00:16:12,-07:00,2026-04-02T00:16:12-07:00,2,19
index.html,11,html,c60099d8,PrishaMaiti,2026-04-02,00:16:12,-07:00,2026-04-02T00:16:12-07:00,2,1
index.html,12,html,c60099d8,PrishaMaiti,2026-04-02,00:16:12,-07:00,2026-04-02T00:16:12-07:00,4,109
index.html,13,html,c60099d8,PrishaMaiti,2026-04-02,00:16:12,-07:00,2026-04-02T00:16:12-07:00,4,103
index.html,14,html,c60099d8,PrishaMaiti,2026-04-02,00:16:12,-07:00,2026-04-02T00:16:12-07:00,4,133
index.html,15,html,c60099d8,PrishaMaiti,2026-04-02,00:16:12,-07:00,2026-04-02T00:16:12-07:00,2,2
index.html,16,html,2f03fa2b,PrishaMaiti,2026-04-23,22:40:07,-07:00,2026-04-23T22:40:07-07:00,2,22
index.html,17,html,2f03fa2b,PrishaMaiti,2026-04-23,22:40:07,-07:00,2026-04-23T22:40:07-07:00,2,20
index.html,18,html,2f03fa2b,PrishaMaiti,2026-04-23,22:40:07,-07:00,2026-04-23T22:40:07-07:00,3,49
index.html,19,html,2f03fa2b,PrishaMaiti,2026-04-23,22:40:07,-07:00,2026-04-23T22:40:07-07:00,2,4
index.html,20,html,9036bfe7,PrishaMaiti,2026-04-23,22:54:29,-07:00,2026-04-23T22:54:29-07:00,4,27
index.html,21,html,9036bfe7,PrishaMaiti,2026-04-23,22:54:29,-07:00,2026-04-23T22:54:29-07:00,4,28
index.html,22,html,caa56360,PrishaMaiti,2026-04-10,21:07:13,-07:00,2026-04-10T21:07:13-07:00,2,7
index.html,23,html,caa56360,PrishaMaiti,2026-04-10,21:07:13,-07:00,2026-04-10T21:07:13-07:00,4,20
index.html,24,html,caa56360,PrishaMaiti,2026-04-10,21:07:13,-07:00,2026-04-10T21:07:13-07:00,4,2
index.html,25,html,caa56360,PrishaMaiti,2026-04-10,21:07:13,-07:00,2026-04-10T21:07:13-07:00,6,44
index.html,26,html,caa56360,PrishaMaiti,2026-04-10,21:07:13,-07:00,2026-04-10T21:07:13-07:00,6,71
index.html,27,html,caa56360,PrishaMaiti,2026-04-10,21:07:13,-07:00,2026-04-10T21:07:13-07:00,6,78
index.html,28,html,caa56360,PrishaMaiti,2026-04-10,21:07:13,-07:00,2026-04-10T21:07:13-07:00,4,3
index.html,29,html,caa56360,PrishaMaiti,2026-04-10,21:07:13,-07:00,2026-04-10T21:07:13-07:00,2,8
index.html,30,html,29585aba,PrishaMaiti,2026-04-02,10:43:39,-07:00,2026-04-02T10:43:39-07:00,2,80
index.html,31,html,061daa1b,PrishaMaiti,2026-04-23,22:19:47,-07:00,2026-04-23T22:19:47-07:00,2,51
index.html,32,html,2f03fa2b,PrishaMaiti,2026-04-23,22:40:07,-07:00,2026-04-23T22:40:07-07:00,2,50
index.html,33,html,c60099d8,PrishaMaiti,2026-04-02,00:16:12,-07:00,2026-04-02T00:16:12-07:00,0,5
index.html,34,html,c60099d8,PrishaMaiti,2026-04-02,00:16:12,-07:00,2026-04-02T00:16:12-07:00,0,5
global.js,1,js,d9423522,PrishaMaiti,2026-04-15,23:57:40,-07:00,2026-04-15T23:57:40-07:00,0,25
global.js,2,js,d9423522,PrishaMaiti,2026-04-15,23:57:40,-07:00,2026-04-15T23:57:40-07:00,0,0
global.js,3,js,d9423522,PrishaMaiti,2026-04-15,23:57:40,-07:00,2026-04-15T23:57:40-07:00,0,41
global.js,4,js,d9423522,PrishaMaiti,2026-04-15,23:57:40,-07:00,2026-04-15T23:57:40-07:00,1,52
global.js,5,js,d9423522,PrishaMaiti,2026-04-15,23:57:40,-07:00,2026-04-15T23:57:40-07:00,0,0
global.js,6,js,d9423522,PrishaMaiti,2026-04-15,23:57:40,-07:00,2026-04-15T23:57:40-07:00,0,0
global.js,7,js,d9423522,PrishaMaiti,2026-04-15,23:57:40,-07:00,2026-04-15T23:57:40-07:00,0,11
global.js,8,js,d9423522,PrishaMaiti,2026-04-15,23:57:40,-07:00,2026-04-15T23:57:40-07:00,1,25
global.js,9,js,d9423522,PrishaMaiti,2026-04-15,23:57:40,-07:00,2026-04-15T23:57:40-07:00,1,38
global.js,10,js,d9423522,PrishaMaiti,2026-04-15,23:57:40,-07:00,2026-04-15T23:57:40-07:00,1,36
global.js,11,js,d9423522,PrishaMaiti,2026-04-15,23:57:40,-07:00,2026-04-15T23:57:40-07:00,1,34
global.js,12,js,00000000,Not Committed Yet,2026-05-08,11:03:36,-07:00,2026-05-08T11:03:36-07:00,1,39
global.js,13,js,d9423522,PrishaMaiti,2026-04-15,23:57:40,-07:00,2026-04-15T23:57:40-07:00,1,57
global.js,14,js,d9423522,PrishaMaiti,2026-04-15,23:57:40,-07:00,2026-04-15T23:57:40-07:00,0,0
global.js,15,js,d9423522,PrishaMaiti,2026-04-15,23:57:40,-07:00,2026-04-15T23:57:40-07:00,0,0
global.js,16,js,d9423522,PrishaMaiti,2026-04-15,23:57:40,-07:00,2026-04-15T23:57:40-07:00,0,15
global.js,17,js,d9423522,PrishaMaiti,2026-04-15,23:57:40,-07:00,2026-04-15T23:57:40-07:00,1,68
global.js,18,js,d9423522,PrishaMaiti,2026-04-15,23:57:40,-07:00,2026-04-15T23:57:40-07:00,2,3
global.js,19,js,d9423522,PrishaMaiti,2026-04-15,23:57:40,-07:00,2026-04-15T23:57:40-07:00,2,16
global.js,20,js,d9423522,PrishaMaiti,2026-04-15,23:57:40,-07:00,2026-04-15T23:57:40-07:00,0,0
global.js,21,js,d9423522,PrishaMaiti,2026-04-15,23:57:40,-07:00,2026-04-15T23:57:40-07:00,0,38
global.js,22,js,d9423522,PrishaMaiti,2026-04-15,23:57:40,-07:00,2026-04-15T23:57:40-07:00,0,25
global.js,23,js,d9423522,PrishaMaiti,2026-04-15,23:57:40,-07:00,2026-04-15T23:57:40-07:00,0,0
global.js,24,js,d9423522,PrishaMaiti,2026-04-15,23:57:40,-07:00,2026-04-15T23:57:40-07:00,0,20
global.js,25,js,d9423522,PrishaMaiti,2026-04-15,23:57:40,-07:00,2026-04-15T23:57:40-07:00,1,14
global.js,26,js,d9423522,PrishaMaiti,2026-04-15,23:57:40,-07:00,2026-04-15T23:57:40-07:00,1,18
global.js,27,js,d9423522,PrishaMaiti,2026-04-15,23:57:40,-07:00,2026-04-15T23:57:40-07:00,0,0
global.js,28,js,d9423522,PrishaMaiti,2026-04-15,23:57:40,-07:00,2026-04-15T23:57:40-07:00,1,52
global.js,29,js,d9423522,PrishaMaiti,2026-04-15,23:57:40,-07:00,2026-04-15T23:57:40-07:00,0,0
global.js,30,js,d9423522,PrishaMaiti,2026-04-15,23:57:40,-07:00,2026-04-15T23:57:40-07:00,1,34
global.js,31,js,d9423522,PrishaMaiti,2026-04-15,23:57:40,-07:00,2026-04-15T23:57:40-07:00,1,11
global.js,32,js,d9423522,PrishaMaiti,2026-04-15,23:57:40,-07:00,2026-04-15T23:57:40-07:00,1,20
global.js,33,js,d9423522,PrishaMaiti,2026-04-15,23:57:40,-07:00,2026-04-15T23:57:40-07:00,0,0
global.js,34,js,d9423522,PrishaMaiti,2026-04-15,23:57:40,-07:00,2026-04-15T23:57:40-07:00,1,17
global.js,35,js,d9423522,PrishaMaiti,2026-04-15,23:57:40,-07:00,2026-04-15T23:57:40-07:00,2,8
global.js,36,js,d9423522,PrishaMaiti,2026-04-15,23:57:40,-07:00,2026-04-15T23:57:40-07:00,2,59
global.js,37,js,d9423522,PrishaMaiti,2026-04-15,23:57:40,-07:00,2026-04-15T23:57:40-07:00,1,0
global.js,38,js,d9423522,PrishaMaiti,2026-04-15,23:57:40,-07:00,2026-04-15T23:57:40-07:00,0,0
global.js,39,js,d9423522,PrishaMaiti,2026-04-15,23:57:40,-07:00,2026-04-15T23:57:40-07:00,1,29
global.js,40,js,d9423522,PrishaMaiti,2026-04-15,23:57:40,-07:00,2026-04-15T23:57:40-07:00,2,18
global.js,41,js,d9423522,PrishaMaiti,2026-04-15,23:57:40,-07:00,2026-04-15T23:57:40-07:00,2,28
global.js,42,js,d9423522,PrishaMaiti,2026-04-15,23:57:40,-07:00,2026-04-15T23:57:40-07:00,1,0
global.js,43,js,d9423522,PrishaMaiti,2026-04-15,23:57:40,-07:00,2026-04-15T23:57:40-07:00,0,0
global.js,44,js,d9423522,PrishaMaiti,2026-04-15,23:57:40,-07:00,2026-04-15T23:57:40-07:00,1,12
global.js,45,js,d9423522,PrishaMaiti,2026-04-15,23:57:40,-07:00,2026-04-15T23:57:40-07:00,0,0
global.js,46,js,d9423522,PrishaMaiti,2026-04-15,23:57:40,-07:00,2026-04-15T23:57:40-07:00,0,0
global.js,47,js,d9423522,PrishaMaiti,2026-04-15,23:57:40,-07:00,2026-04-15T23:57:40-07:00,0,31
global.js,48,js,d9423522,PrishaMaiti,2026-04-15,23:57:40,-07:00,2026-04-15T23:57:40-07:00,1,11
global.js,49,js,d9423522,PrishaMaiti,2026-04-15,23:57:40,-07:00,2026-04-15T23:57:40-07:00,1,0
global.js,50,js,d9423522,PrishaMaiti,2026-04-15,23:57:40,-07:00,2026-04-15T23:57:40-07:00,2,26
global.js,51,js,d9423522,PrishaMaiti,2026-04-15,23:57:40,-07:00,2026-04-15T23:57:40-07:00,3,4
global.js,52,js,d9423522,PrishaMaiti,2026-04-15,23:57:40,-07:00,2026-04-15T23:57:40-07:00,3,6
global.js,53,js,d9423522,PrishaMaiti,2026-04-15,23:57:40,-07:00,2026-04-15T23:57:40-07:00,4,43
global.js,54,js,d9423522,PrishaMaiti,2026-04-15,23:57:40,-07:00,2026-04-15T23:57:40-07:00,4,34
global.js,55,js,d9423522,PrishaMaiti,2026-04-15,23:57:40,-07:00,2026-04-15T23:57:40-07:00,4,32
global.js,56,js,d9423522,PrishaMaiti,2026-04-15,23:57:40,-07:00,2026-04-15T23:57:40-07:00,3,7
global.js,57,js,d9423522,PrishaMaiti,2026-04-15,23:57:40,-07:00,2026-04-15T23:57:40-07:00,2,6
global.js,58,js,d9423522,PrishaMaiti,2026-04-15,23:57:40,-07:00,2026-04-15T23:57:40-07:00,1,0
global.js,59,js,d9423522,PrishaMaiti,2026-04-15,23:57:40,-07:00,2026-04-15T23:57:40-07:00,0,0
global.js,60,js,d9423522,PrishaMaiti,2026-04-15,23:57:40,-07:00,2026-04-15T23:57:40-07:00,0,0
global.js,61,js,d9423522,PrishaMaiti,2026-04-15,23:57:40,-07:00,2026-04-15T23:57:40-07:00,0,58
global.js,62,js,d9423522,PrishaMaiti,2026-04-15,23:57:40,-07:00,2026-04-15T23:57:40-07:00,0,0
global.js,63,js,d9423522,PrishaMaiti,2026-04-15,23:57:40,-07:00,2026-04-15T23:57:40-07:00,0,27
global.js,64,js,d9423522,PrishaMaiti,2026-04-15,23:57:40,-07:00,2026-04-15T23:57:40-07:00,1,65
global.js,65,js,d9423522,PrishaMaiti,2026-04-15,23:57:40,-07:00,2026-04-15T23:57:40-07:00,1,38
global.js,66,js,d9423522,PrishaMaiti,2026-04-15,23:57:40,-07:00,2026-04-15T23:57:40-07:00,2,40
global.js,67,js,d9423522,PrishaMaiti,2026-04-15,23:57:40,-07:00,2026-04-15T23:57:40-07:00,0,0
global.js,68,js,d9423522,PrishaMaiti,2026-04-15,23:57:40,-07:00,2026-04-15T23:57:40-07:00,0,0
global.js,69,js,d9423522,PrishaMaiti,2026-04-15,23:57:40,-07:00,2026-04-15T23:57:40-07:00,0,34
global.js,70,js,d9423522,PrishaMaiti,2026-04-15,23:57:40,-07:00,2026-04-15T23:57:40-07:00,1,35
global.js,71,js,d9423522,PrishaMaiti,2026-04-15,23:57:40,-07:00,2026-04-15T23:57:40-07:00,1,38
global.js,72,js,d9423522,PrishaMaiti,2026-04-15,23:57:40,-07:00,2026-04-15T23:57:40-07:00,0,6
global.js,73,js,d9423522,PrishaMaiti,2026-04-15,23:57:40,-07:00,2026-04-15T23:57:40-07:00,1,23
global.js,74,js,d9423522,PrishaMaiti,2026-04-15,23:57:40,-07:00,2026-04-15T23:57:40-07:00,0,0
global.js,75,js,d9423522,PrishaMaiti,2026-04-15,23:57:40,-07:00,2026-04-15T23:57:40-07:00,0,0
global.js,76,js,d9423522,PrishaMaiti,2026-04-15,23:57:40,-07:00,2026-04-15T23:57:40-07:00,0,49
global.js,77,js,d9423522,PrishaMaiti,2026-04-15,23:57:40,-07:00,2026-04-15T23:57:40-07:00,1,30
global.js,78,js,d9423522,PrishaMaiti,2026-04-15,23:57:40,-07:00,2026-04-15T23:57:40-07:00,1,17
global.js,79,js,d9423522,PrishaMaiti,2026-04-15,23:57:40,-07:00,2026-04-15T23:57:40-07:00,1,32
global.js,80,js,d9423522,PrishaMaiti,2026-04-15,23:57:40,-07:00,2026-04-15T23:57:40-07:00,0,1
global.js,81,js,d9423522,PrishaMaiti,2026-04-15,23:57:40,-07:00,2026-04-15T23:57:40-07:00,0,0
global.js,82,js,d9423522,PrishaMaiti,2026-04-15,23:57:40,-07:00,2026-04-15T23:57:40-07:00,0,59
global.js,83,js,d9423522,PrishaMaiti,2026-04-15,23:57:40,-07:00,2026-04-15T23:57:40-07:00,0,0
global.js,84,js,d9423522,PrishaMaiti,2026-04-15,23:57:40,-07:00,2026-04-15T23:57:40-07:00,0,49
global.js,85,js,d9423522,PrishaMaiti,2026-04-15,23:57:40,-07:00,2026-04-15T23:57:40-07:00,1,21
global.js,86,js,d9423522,PrishaMaiti,2026-04-15,23:57:40,-07:00,2026-04-15T23:57:40-07:00,0,0
global.js,87,js,d9423522,PrishaMaiti,2026-04-15,23:57:40,-07:00,2026-04-15T23:57:40-07:00,1,28
global.js,88,js,d9423522,PrishaMaiti,2026-04-15,23:57:40,-07:00,2026-04-15T23:57:40-07:00,1,14
global.js,89,js,d9423522,PrishaMaiti,2026-04-15,23:57:40,-07:00,2026-04-15T23:57:40-07:00,0,0
global.js,90,js,d9423522,PrishaMaiti,2026-04-15,23:57:40,-07:00,2026-04-15T23:57:40-07:00,1,31
global.js,91,js,d9423522,PrishaMaiti,2026-04-15,23:57:40,-07:00,2026-04-15T23:57:40-07:00,2,70
global.js,92,js,d9423522,PrishaMaiti,2026-04-15,23:57:40,-07:00,2026-04-15T23:57:40-07:00,1,0
global.js,93,js,d9423522,PrishaMaiti,2026-04-15,23:57:40,-07:00,2026-04-15T23:57:40-07:00,0,0
global.js,94,js,d9423522,PrishaMaiti,2026-04-15,23:57:40,-07:00,2026-04-15T23:57:40-07:00,1,45
global.js,95,js,d9423522,PrishaMaiti,2026-04-15,23:57:40,-07:00,2026-04-15T23:57:40-07:00,1,18
global.js,96,js,061daa1b,PrishaMaiti,2026-04-23,22:19:47,-07:00,2026-04-23T22:19:47-07:00,0,1
global.js,97,js,061daa1b,PrishaMaiti,2026-04-23,22:19:47,-07:00,2026-04-23T22:19:47-07:00,0,0
global.js,98,js,061daa1b,PrishaMaiti,2026-04-23,22:19:47,-07:00,2026-04-23T22:19:47-07:00,0,36
global.js,99,js,061daa1b,PrishaMaiti,2026-04-23,22:19:47,-07:00,2026-04-23T22:19:47-07:00,1,3
global.js,100,js,061daa1b,PrishaMaiti,2026-04-23,22:19:47,-07:00,2026-04-23T22:19:47-07:00,2,39
global.js,101,js,061daa1b,PrishaMaiti,2026-04-23,22:19:47,-07:00,2026-04-23T22:19:47-07:00,2,32
global.js,102,js,061daa1b,PrishaMaiti,2026-04-23,22:19:47,-07:00,2026-04-23T22:19:47-07:00,2,20
global.js,103,js,061daa1b,PrishaMaiti,2026-04-23,22:19:47,-07:00,2026-04-23T22:19:47-07:00,0,0
global.js,104,js,061daa1b,PrishaMaiti,2026-04-23,22:19:47,-07:00,2026-04-23T22:19:47-07:00,2,17
global.js,105,js,061daa1b,PrishaMaiti,2026-04-23,22:19:47,-07:00,2026-04-23T22:19:47-07:00,3,66
global.js,106,js,061daa1b,PrishaMaiti,2026-04-23,22:19:47,-07:00,2026-04-23T22:19:47-07:00,2,0
global.js,107,js,061daa1b,PrishaMaiti,2026-04-23,22:19:47,-07:00,2026-04-23T22:19:47-07:00,0,0
global.js,108,js,061daa1b,PrishaMaiti,2026-04-23,22:19:47,-07:00,2026-04-23T22:19:47-07:00,2,33
global.js,109,js,061daa1b,PrishaMaiti,2026-04-23,22:19:47,-07:00,2026-04-23T22:19:47-07:00,2,10
global.js,110,js,061daa1b,PrishaMaiti,2026-04-23,22:19:47,-07:00,2026-04-23T22:19:47-07:00,1,15
global.js,111,js,061daa1b,PrishaMaiti,2026-04-23,22:19:47,-07:00,2026-04-23T22:19:47-07:00,2,59
global.js,112,js,061daa1b,PrishaMaiti,2026-04-23,22:19:47,-07:00,2026-04-23T22:19:47-07:00,1,0
global.js,113,js,061daa1b,PrishaMaiti,2026-04-23,22:19:47,-07:00,2026-04-23T22:19:47-07:00,0,0
global.js,114,js,061daa1b,PrishaMaiti,2026-04-23,22:19:47,-07:00,2026-04-23T22:19:47-07:00,0,0
global.js,115,js,9036bfe7,PrishaMaiti,2026-04-23,22:54:29,-07:00,2026-04-23T22:54:29-07:00,0,47
global.js,116,js,9036bfe7,PrishaMaiti,2026-04-23,22:54:29,-07:00,2026-04-23T22:54:29-07:00,1,59
global.js,117,js,9036bfe7,PrishaMaiti,2026-04-23,22:54:29,-07:00,2026-04-23T22:54:29-07:00,0,0
global.js,118,js,9036bfe7,PrishaMaiti,2026-04-23,22:54:29,-07:00,2026-04-23T22:54:29-07:00,0,0
global.js,119,js,061daa1b,PrishaMaiti,2026-04-23,22:19:47,-07:00,2026-04-23T22:19:47-07:00,0,79
global.js,120,js,061daa1b,PrishaMaiti,2026-04-23,22:19:47,-07:00,2026-04-23T22:19:47-07:00,1,43
global.js,121,js,061daa1b,PrishaMaiti,2026-04-23,22:19:47,-07:00,2026-04-23T22:19:47-07:00,2,60
global.js,122,js,061daa1b,PrishaMaiti,2026-04-23,22:19:47,-07:00,2026-04-23T22:19:47-07:00,2,5
global.js,123,js,061daa1b,PrishaMaiti,2026-04-23,22:19:47,-07:00,2026-04-23T22:19:47-07:00,1,0
global.js,124,js,061daa1b,PrishaMaiti,2026-04-23,22:19:47,-07:00,2026-04-23T22:19:47-07:00,0,0
global.js,125,js,061daa1b,PrishaMaiti,2026-04-23,22:19:47,-07:00,2026-04-23T22:19:47-07:00,1,30
global.js,126,js,061daa1b,PrishaMaiti,2026-04-23,22:19:47,-07:00,2026-04-23T22:19:47-07:00,0,0
global.js,127,js,061daa1b,PrishaMaiti,2026-04-23,22:19:47,-07:00,2026-04-23T22:19:47-07:00,1,54
global.js,128,js,061daa1b,PrishaMaiti,2026-04-23,22:19:47,-07:00,2026-04-23T22:19:47-07:00,2,55
global.js,129,js,061daa1b,PrishaMaiti,2026-04-23,22:19:47,-07:00,2026-04-23T22:19:47-07:00,2,5
global.js,130,js,061daa1b,PrishaMaiti,2026-04-23,22:19:47,-07:00,2026-04-23T22:19:47-07:00,1,0
global.js,131,js,061daa1b,PrishaMaiti,2026-04-23,22:19:47,-07:00,2026-04-23T22:19:47-07:00,0,0
global.js,132,js,061daa1b,PrishaMaiti,2026-04-23,22:19:47,-07:00,2026-04-23T22:19:47-07:00,1,54
global.js,133,js,061daa1b,PrishaMaiti,2026-04-23,22:19:47,-07:00,2026-04-23T22:19:47-07:00,2,26
global.js,134,js,061daa1b,PrishaMaiti,2026-04-23,22:19:47,-07:00,2026-04-23T22:19:47-07:00,2,5
global.js,135,js,061daa1b,PrishaMaiti,2026-04-23,22:19:47,-07:00,2026-04-23T22:19:47-07:00,0,0
global.js,136,js,061daa1b,PrishaMaiti,2026-04-23,22:19:47,-07:00,2026-04-23T22:19:47-07:00,1,29
global.js,137,js,061daa1b,PrishaMaiti,2026-04-23,22:19:47,-07:00,2026-04-23T22:19:47-07:00,2,48
global.js,138,js,061daa1b,PrishaMaiti,2026-04-23,22:19:47,-07:00,2026-04-23T22:19:47-07:00,0,0
global.js,139,js,061daa1b,PrishaMaiti,2026-04-23,22:19:47,-07:00,2026-04-23T22:19:47-07:00,2,49
global.js,140,js,061daa1b,PrishaMaiti,2026-04-23,22:19:47,-07:00,2026-04-23T22:19:47-07:00,2,86
global.js,141,js,061daa1b,PrishaMaiti,2026-04-23,22:19:47,-07:00,2026-04-23T22:19:47-07:00,2,69
global.js,142,js,6c81636b,PrishaMaiti,2026-04-30,23:14:37,-07:00,2026-04-30T23:14:37-07:00,2,43
global.js,143,js,061daa1b,PrishaMaiti,2026-04-23,22:19:47,-07:00,2026-04-23T22:19:47-07:00,0,0
global.js,144,js,061daa1b,PrishaMaiti,2026-04-23,22:19:47,-07:00,2026-04-23T22:19:47-07:00,2,19
global.js,145,js,061daa1b,PrishaMaiti,2026-04-23,22:19:47,-07:00,2026-04-23T22:19:47-07:00,3,51
global.js,146,js,061daa1b,PrishaMaiti,2026-04-23,22:19:47,-07:00,2026-04-23T22:19:47-07:00,3,49
global.js,147,js,6c81636b,PrishaMaiti,2026-04-30,23:14:37,-07:00,2026-04-30T23:14:37-07:00,3,27
global.js,148,js,6c81636b,PrishaMaiti,2026-04-30,23:14:37,-07:00,2026-04-30T23:14:37-07:00,4,19
global.js,149,js,6c81636b,PrishaMaiti,2026-04-30,23:14:37,-07:00,2026-04-30T23:14:37-07:00,4,39
global.js,150,js,6c81636b,PrishaMaiti,2026-04-30,23:14:37,-07:00,2026-04-30T23:14:37-07:00,3,4
global.js,151,js,061daa1b,PrishaMaiti,2026-04-23,22:19:47,-07:00,2026-04-23T22:19:47-07:00,2,0
global.js,152,js,061daa1b,PrishaMaiti,2026-04-23,22:19:47,-07:00,2026-04-23T22:19:47-07:00,0,0
global.js,153,js,061daa1b,PrishaMaiti,2026-04-23,22:19:47,-07:00,2026-04-23T22:19:47-07:00,2,36
global.js,154,js,061daa1b,PrishaMaiti,2026-04-23,22:19:47,-07:00,2026-04-23T22:19:47-07:00,1,0
global.js,155,js,061daa1b,PrishaMaiti,2026-04-23,22:19:47,-07:00,2026-04-23T22:19:47-07:00,0,0
resume/index.html,1,html,29585aba,PrishaMaiti,2026-04-02,10:43:39,-07:00,2026-04-02T10:43:39-07:00,0,13
resume/index.html,2,html,29585aba,PrishaMaiti,2026-04-02,10:43:39,-07:00,2026-04-02T10:43:39-07:00,0,14
resume/index.html,3,html,29585aba,PrishaMaiti,2026-04-02,10:43:39,-07:00,2026-04-02T10:43:39-07:00,0,4
resume/index.html,4,html,29585aba,PrishaMaiti,2026-04-02,10:43:39,-07:00,2026-04-02T10:43:39-07:00,2,20
resume/index.html,5,html,29585aba,PrishaMaiti,2026-04-02,10:43:39,-07:00,2026-04-02T10:43:39-07:00,2,68
resume/index.html,6,html,29585aba,PrishaMaiti,2026-04-02,10:43:39,-07:00,2026-04-02T10:43:39-07:00,2,34
resume/index.html,7,html,29585aba,PrishaMaiti,2026-04-02,10:43:39,-07:00,2026-04-02T10:43:39-07:00,2,41
resume/index.html,8,html,29585aba,PrishaMaiti,2026-04-02,10:43:39,-07:00,2026-04-02T10:43:39-07:00,0,5
resume/index.html,9,html,29585aba,PrishaMaiti,2026-04-02,10:43:39,-07:00,2026-04-02T10:43:39-07:00,0,4
resume/index.html,10,html,29585aba,PrishaMaiti,2026-04-02,10:43:39,-07:00,2026-04-02T10:43:39-07:00,2,6
resume/index.html,11,html,29585aba,PrishaMaiti,2026-04-02,10:43:39,-07:00,2026-04-02T10:43:39-07:00,4,19
resume/index.html,12,html,29585aba,PrishaMaiti,2026-04-02,10:43:39,-07:00,2026-04-02T10:43:39-07:00,4,112
resume/index.html,13,html,29585aba,PrishaMaiti,2026-04-02,10:43:39,-07:00,2026-04-02T10:43:39-07:00,2,7
resume/index.html,14,html,29585aba,PrishaMaiti,2026-04-02,10:43:39,-07:00,2026-04-02T10:43:39-07:00,0,0
resume/index.html,15,html,29585aba,PrishaMaiti,2026-04-02,10:43:39,-07:00,2026-04-02T10:43:39-07:00,2,7
resume/index.html,16,html,29585aba,PrishaMaiti,2026-04-02,10:43:39,-07:00,2026-04-02T10:43:39-07:00,4,14
resume/index.html,17,html,29585aba,PrishaMaiti,2026-04-02,10:43:39,-07:00,2026-04-02T10:43:39-07:00,4,1
resume/index.html,18,html,29585aba,PrishaMaiti,2026-04-02,10:43:39,-07:00,2026-04-02T10:43:39-07:00,6,97
resume/index.html,19,html,29585aba,PrishaMaiti,2026-04-02,10:43:39,-07:00,2026-04-02T10:43:39-07:00,6,136
resume/index.html,20,html,29585aba,PrishaMaiti,2026-04-02,10:43:39,-07:00,2026-04-02T10:43:39-07:00,4,2
resume/index.html,21,html,29585aba,PrishaMaiti,2026-04-02,10:43:39,-07:00,2026-04-02T10:43:39-07:00,2,8
resume/index.html,22,html,29585aba,PrishaMaiti,2026-04-02,10:43:39,-07:00,2026-04-02T10:43:39-07:00,0,0
resume/index.html,23,html,29585aba,PrishaMaiti,2026-04-02,10:43:39,-07:00,2026-04-02T10:43:39-07:00,2,7
resume/index.html,24,html,29585aba,PrishaMaiti,2026-04-02,10:43:39,-07:00,2026-04-02T10:43:39-07:00,4,16
resume/index.html,25,html,29585aba,PrishaMaiti,2026-04-02,10:43:39,-07:00,2026-04-02T10:43:39-07:00,4,7
resume/index.html,26,html,29585aba,PrishaMaiti,2026-04-02,10:43:39,-07:00,2026-04-02T10:43:39-07:00,6,6
resume/index.html,27,html,29585aba,PrishaMaiti,2026-04-02,10:43:39,-07:00,2026-04-02T10:43:39-07:00,8,42
resume/index.html,28,html,29585aba,PrishaMaiti,2026-04-02,10:43:39,-07:00,2026-04-02T10:43:39-07:00,8,48
resume/index.html,29,html,29585aba,PrishaMaiti,2026-04-02,10:43:39,-07:00,2026-04-02T10:43:39-07:00,6,7
resume/index.html,30,html,29585aba,PrishaMaiti,2026-04-02,10:43:39,-07:00,2026-04-02T10:43:39-07:00,6,39
resume/index.html,31,html,29585aba,PrishaMaiti,2026-04-02,10:43:39,-07:00,2026-04-02T10:43:39-07:00,4,8
resume/index.html,32,html,29585aba,PrishaMaiti,2026-04-02,10:43:39,-07:00,2026-04-02T10:43:39-07:00,2,8
resume/index.html,33,html,29585aba,PrishaMaiti,2026-04-02,10:43:39,-07:00,2026-04-02T10:43:39-07:00,0,0
resume/index.html,34,html,29585aba,PrishaMaiti,2026-04-02,10:43:39,-07:00,2026-04-02T10:43:39-07:00,2,7
resume/index.html,35,html,29585aba,PrishaMaiti,2026-04-02,10:43:39,-07:00,2026-04-02T10:43:39-07:00,4,13
resume/index.html,36,html,29585aba,PrishaMaiti,2026-04-02,10:43:39,-07:00,2026-04-02T10:43:39-07:00,4,2
resume/index.html,37,html,29585aba,PrishaMaiti,2026-04-02,10:43:39,-07:00,2026-04-02T10:43:39-07:00,6,20
resume/index.html,38,html,29585aba,PrishaMaiti,2026-04-02,10:43:39,-07:00,2026-04-02T10:43:39-07:00,6,17
resume/index.html,39,html,29585aba,PrishaMaiti,2026-04-02,10:43:39,-07:00,2026-04-02T10:43:39-07:00,6,23
resume/index.html,40,html,29585aba,PrishaMaiti,2026-04-02,10:43:39,-07:00,2026-04-02T10:43:39-07:00,6,22
resume/index.html,41,html,29585aba,PrishaMaiti,2026-04-02,10:43:39,-07:00,2026-04-02T10:43:39-07:00,6,24
resume/index.html,42,html,29585aba,PrishaMaiti,2026-04-02,10:43:39,-07:00,2026-04-02T10:43:39-07:00,4,3
resume/index.html,43,html,29585aba,PrishaMaiti,2026-04-02,10:43:39,-07:00,2026-04-02T10:43:39-07:00,2,8
resume/index.html,44,html,29585aba,PrishaMaiti,2026-04-02,10:43:39,-07:00,2026-04-02T10:43:39-07:00,0,0
resume/index.html,45,html,29585aba,PrishaMaiti,2026-04-02,10:43:39,-07:00,2026-04-02T10:43:39-07:00,2,7
resume/index.html,46,html,29585aba,PrishaMaiti,2026-04-02,10:43:39,-07:00,2026-04-02T10:43:39-07:00,4,15
resume/index.html,47,html,29585aba,PrishaMaiti,2026-04-02,10:43:39,-07:00,2026-04-02T10:43:39-07:00,4,7
resume/index.html,48,html,29585aba,PrishaMaiti,2026-04-02,10:43:39,-07:00,2026-04-02T10:43:39-07:00,6,6
resume/index.html,49,html,29585aba,PrishaMaiti,2026-04-02,10:43:39,-07:00,2026-04-02T10:43:39-07:00,8,24
resume/index.html,50,html,29585aba,PrishaMaiti,2026-04-02,10:43:39,-07:00,2026-04-02T10:43:39-07:00,6,7
resume/index.html,51,html,29585aba,PrishaMaiti,2026-04-02,10:43:39,-07:00,2026-04-02T10:43:39-07:00,6,97
resume/index.html,52,html,29585aba,PrishaMaiti,2026-04-02,10:43:39,-07:00,2026-04-02T10:43:39-07:00,4,8
resume/index.html,53,html,29585aba,PrishaMaiti,2026-04-02,10:43:39,-07:00,2026-04-02T10:43:39-07:00,2,8
resume/index.html,54,html,29585aba,PrishaMaiti,2026-04-02,10:43:39,-07:00,2026-04-02T10:43:39-07:00,0,0
resume/index.html,55,html,29585aba,PrishaMaiti,2026-04-02,10:43:39,-07:00,2026-04-02T10:43:39-07:00,2,7
resume/index.html,56,html,29585aba,PrishaMaiti,2026-04-02,10:43:39,-07:00,2026-04-02T10:43:39-07:00,4,14
resume/index.html,57,html,29585aba,PrishaMaiti,2026-04-02,10:43:39,-07:00,2026-04-02T10:43:39-07:00,4,78
resume/index.html,58,html,29585aba,PrishaMaiti,2026-04-02,10:43:39,-07:00,2026-04-02T10:43:39-07:00,2,8
resume/index.html,59,html,061daa1b,PrishaMaiti,2026-04-23,22:19:47,-07:00,2026-04-23T22:19:47-07:00,2,54
resume/index.html,60,html,29585aba,PrishaMaiti,2026-04-02,10:43:39,-07:00,2026-04-02T10:43:39-07:00,0,5
resume/index.html,61,html,29585aba,PrishaMaiti,2026-04-02,10:43:39,-07:00,2026-04-02T10:43:39-07:00,0,5
projects/projects.js,1,js,061daa1b,PrishaMaiti,2026-04-23,22:19:47,-07:00,2026-04-23T22:19:47-07:00,0,55
projects/projects.js,2,js,6c81636b,PrishaMaiti,2026-04-30,23:14:37,-07:00,2026-04-30T23:14:37-07:00,0,63
projects/projects.js,3,js,061daa1b,PrishaMaiti,2026-04-23,22:19:47,-07:00,2026-04-23T22:19:47-07:00,0,0
projects/projects.js,4,js,061daa1b,PrishaMaiti,2026-04-23,22:19:47,-07:00,2026-04-23T22:19:47-07:00,0,55
projects/projects.js,5,js,061daa1b,PrishaMaiti,2026-04-23,22:19:47,-07:00,2026-04-23T22:19:47-07:00,0,60
projects/projects.js,6,js,061daa1b,PrishaMaiti,2026-04-23,22:19:47,-07:00,2026-04-23T22:19:47-07:00,0,62
projects/projects.js,7,js,6c81636b,PrishaMaiti,2026-04-30,23:14:37,-07:00,2026-04-30T23:14:37-07:00,0,55
projects/projects.js,8,js,061daa1b,PrishaMaiti,2026-04-23,22:19:47,-07:00,2026-04-23T22:19:47-07:00,0,0
projects/projects.js,9,js,6c81636b,PrishaMaiti,2026-04-30,23:14:37,-07:00,2026-04-30T23:14:37-07:00,0,13
projects/projects.js,10,js,6c81636b,PrishaMaiti,2026-04-30,23:14:37,-07:00,2026-04-30T23:14:37-07:00,0,21
projects/projects.js,11,js,6c81636b,PrishaMaiti,2026-04-30,23:14:37,-07:00,2026-04-30T23:14:37-07:00,0,22
projects/projects.js,12,js,6c81636b,PrishaMaiti,2026-04-30,23:14:37,-07:00,2026-04-30T23:14:37-07:00,0,64
projects/projects.js,13,js,6c81636b,PrishaMaiti,2026-04-30,23:14:37,-07:00,2026-04-30T23:14:37-07:00,0,52
projects/projects.js,14,js,6c81636b,PrishaMaiti,2026-04-30,23:14:37,-07:00,2026-04-30T23:14:37-07:00,0,0
projects/projects.js,15,js,061daa1b,PrishaMaiti,2026-04-23,22:19:47,-07:00,2026-04-23T22:19:47-07:00,0,0
projects/projects.js,16,js,6c81636b,PrishaMaiti,2026-04-30,23:14:37,-07:00,2026-04-30T23:14:37-07:00,0,71
projects/projects.js,17,js,6c81636b,PrishaMaiti,2026-04-30,23:14:37,-07:00,2026-04-30T23:14:37-07:00,0,65
projects/projects.js,18,js,6c81636b,PrishaMaiti,2026-04-30,23:14:37,-07:00,2026-04-30T23:14:37-07:00,0,18
projects/projects.js,19,js,6c81636b,PrishaMaiti,2026-04-30,23:14:37,-07:00,2026-04-30T23:14:37-07:00,0,43
projects/projects.js,20,js,6c81636b,PrishaMaiti,2026-04-30,23:14:37,-07:00,2026-04-30T23:14:37-07:00,0,46
projects/projects.js,21,js,6c81636b,PrishaMaiti,2026-04-30,23:14:37,-07:00,2026-04-30T23:14:37-07:00,0,0
projects/projects.js,22,js,6c81636b,PrishaMaiti,2026-04-30,23:14:37,-07:00,2026-04-30T23:14:37-07:00,0,72
projects/projects.js,23,js,6c81636b,PrishaMaiti,2026-04-30,23:14:37,-07:00,2026-04-30T23:14:37-07:00,0,42
projects/projects.js,24,js,6c81636b,PrishaMaiti,2026-04-30,23:14:37,-07:00,2026-04-30T23:14:37-07:00,0,45
projects/projects.js,25,js,6c81636b,PrishaMaiti,2026-04-30,23:14:37,-07:00,2026-04-30T23:14:37-07:00,0,30
projects/projects.js,26,js,6c81636b,PrishaMaiti,2026-04-30,23:14:37,-07:00,2026-04-30T23:14:37-07:00,0,51
projects/projects.js,27,js,6c81636b,PrishaMaiti,2026-04-30,23:14:37,-07:00,2026-04-30T23:14:37-07:00,0,0
projects/projects.js,28,js,6c81636b,PrishaMaiti,2026-04-30,23:14:37,-07:00,2026-04-30T23:14:37-07:00,0,42
projects/projects.js,29,js,6c81636b,PrishaMaiti,2026-04-30,23:14:37,-07:00,2026-04-30T23:14:37-07:00,0,26
projects/projects.js,30,js,6c81636b,PrishaMaiti,2026-04-30,23:14:37,-07:00,2026-04-30T23:14:37-07:00,0,0
projects/projects.js,31,js,6c81636b,PrishaMaiti,2026-04-30,23:14:37,-07:00,2026-04-30T23:14:37-07:00,0,28
projects/projects.js,32,js,6c81636b,PrishaMaiti,2026-04-30,23:14:37,-07:00,2026-04-30T23:14:37-07:00,0,31
projects/projects.js,33,js,6c81636b,PrishaMaiti,2026-04-30,23:14:37,-07:00,2026-04-30T23:14:37-07:00,0,73
projects/projects.js,34,js,061daa1b,PrishaMaiti,2026-04-23,22:19:47,-07:00,2026-04-23T22:19:47-07:00,0,0
projects/projects.js,35,js,6c81636b,PrishaMaiti,2026-04-30,23:14:37,-07:00,2026-04-30T23:14:37-07:00,0,0
projects/projects.js,36,js,6c81636b,PrishaMaiti,2026-04-30,23:14:37,-07:00,2026-04-30T23:14:37-07:00,0,53
projects/projects.js,37,js,6c81636b,PrishaMaiti,2026-04-30,23:14:37,-07:00,2026-04-30T23:14:37-07:00,0,38
projects/projects.js,38,js,6c81636b,PrishaMaiti,2026-04-30,23:14:37,-07:00,2026-04-30T23:14:37-07:00,0,59
projects/projects.js,39,js,6c81636b,PrishaMaiti,2026-04-30,23:14:37,-07:00,2026-04-30T23:14:37-07:00,0,0
projects/projects.js,40,js,6c81636b,PrishaMaiti,2026-04-30,23:14:37,-07:00,2026-04-30T23:14:37-07:00,0,58
projects/projects.js,41,js,6c81636b,PrishaMaiti,2026-04-30,23:14:37,-07:00,2026-04-30T23:14:37-07:00,0,28
projects/projects.js,42,js,6c81636b,PrishaMaiti,2026-04-30,23:14:37,-07:00,2026-04-30T23:14:37-07:00,0,12
projects/projects.js,43,js,6c81636b,PrishaMaiti,2026-04-30,23:14:37,-07:00,2026-04-30T23:14:37-07:00,0,14
projects/projects.js,44,js,6c81636b,PrishaMaiti,2026-04-30,23:14:37,-07:00,2026-04-30T23:14:37-07:00,0,12
projects/projects.js,45,js,6c81636b,PrishaMaiti,2026-04-30,23:14:37,-07:00,2026-04-30T23:14:37-07:00,0,0
projects/projects.js,46,js,6c81636b,PrishaMaiti,2026-04-30,23:14:37,-07:00,2026-04-30T23:14:37-07:00,0,0
projects/projects.js,47,js,6c81636b,PrishaMaiti,2026-04-30,23:14:37,-07:00,2026-04-30T23:14:37-07:00,0,44
projects/projects.js,48,js,6c81636b,PrishaMaiti,2026-04-30,23:14:37,-07:00,2026-04-30T23:14:37-07:00,0,35
projects/projects.js,49,js,6c81636b,PrishaMaiti,2026-04-30,23:14:37,-07:00,2026-04-30T23:14:37-07:00,0,1
projects/projects.js,50,js,6c81636b,PrishaMaiti,2026-04-30,23:14:37,-07:00,2026-04-30T23:14:37-07:00,0,45
projects/projects.js,51,js,6c81636b,PrishaMaiti,2026-04-30,23:14:37,-07:00,2026-04-30T23:14:37-07:00,0,37
projects/projects.js,52,js,6c81636b,PrishaMaiti,2026-04-30,23:14:37,-07:00,2026-04-30T23:14:37-07:00,0,0
projects/projects.js,53,js,6c81636b,PrishaMaiti,2026-04-30,23:14:37,-07:00,2026-04-30T23:14:37-07:00,0,17
projects/projects.js,54,js,6c81636b,PrishaMaiti,2026-04-30,23:14:37,-07:00,2026-04-30T23:14:37-07:00,0,62
projects/projects.js,55,js,6c81636b,PrishaMaiti,2026-04-30,23:14:37,-07:00,2026-04-30T23:14:37-07:00,0,6
projects/projects.js,56,js,6c81636b,PrishaMaiti,2026-04-30,23:14:37,-07:00,2026-04-30T23:14:37-07:00,0,17
projects/projects.js,57,js,6c81636b,PrishaMaiti,2026-04-30,23:14:37,-07:00,2026-04-30T23:14:37-07:00,0,0
projects/projects.js,58,js,6c81636b,PrishaMaiti,2026-04-30,23:14:37,-07:00,2026-04-30T23:14:37-07:00,0,0
projects/projects.js,59,js,6c81636b,PrishaMaiti,2026-04-30,23:14:37,-07:00,2026-04-30T23:14:37-07:00,0,52
projects/projects.js,60,js,6c81636b,PrishaMaiti,2026-04-30,23:14:37,-07:00,2026-04-30T23:14:37-07:00,0,35
projects/projects.js,61,js,6c81636b,PrishaMaiti,2026-04-30,23:14:37,-07:00,2026-04-30T23:14:37-07:00,0,47
projects/projects.js,62,js,6c81636b,PrishaMaiti,2026-04-30,23:14:37,-07:00,2026-04-30T23:14:37-07:00,0,0
projects/projects.js,63,js,6c81636b,PrishaMaiti,2026-04-30,23:14:37,-07:00,2026-04-30T23:14:37-07:00,0,38
projects/projects.js,64,js,6c81636b,PrishaMaiti,2026-04-30,23:14:37,-07:00,2026-04-30T23:14:37-07:00,0,44
projects/projects.js,65,js,6c81636b,PrishaMaiti,2026-04-30,23:14:37,-07:00,2026-04-30T23:14:37-07:00,0,31
projects/projects.js,66,js,6c81636b,PrishaMaiti,2026-04-30,23:14:37,-07:00,2026-04-30T23:14:37-07:00,0,36
projects/projects.js,67,js,6c81636b,PrishaMaiti,2026-04-30,23:14:37,-07:00,2026-04-30T23:14:37-07:00,0,32
projects/projects.js,68,js,6c81636b,PrishaMaiti,2026-04-30,23:14:37,-07:00,2026-04-30T23:14:37-07:00,0,0
projects/projects.js,69,js,6c81636b,PrishaMaiti,2026-04-30,23:14:37,-07:00,2026-04-30T23:14:37-07:00,0,22
projects/projects.js,70,js,6c81636b,PrishaMaiti,2026-04-30,23:14:37,-07:00,2026-04-30T23:14:37-07:00,0,5
projects/projects.js,71,js,6c81636b,PrishaMaiti,2026-04-30,23:14:37,-07:00,2026-04-30T23:14:37-07:00,0,0
projects/projects.js,72,js,6c81636b,PrishaMaiti,2026-04-30,23:14:37,-07:00,2026-04-30T23:14:37-07:00,0,0
projects/projects.js,73,js,6c81636b,PrishaMaiti,2026-04-30,23:14:37,-07:00,2026-04-30T23:14:37-07:00,0,23
projects/projects.js,74,js,6c81636b,PrishaMaiti,2026-04-30,23:14:37,-07:00,2026-04-30T23:14:37-07:00,0,26
projects/projects.js,75,js,6c81636b,PrishaMaiti,2026-04-30,23:14:37,-07:00,2026-04-30T23:14:37-07:00,0,3
projects/projects.js,76,js,6c81636b,PrishaMaiti,2026-04-30,23:14:37,-07:00,2026-04-30T23:14:37-07:00,0,13
projects/projects.js,77,js,6c81636b,PrishaMaiti,2026-04-30,23:14:37,-07:00,2026-04-30T23:14:37-07:00,0,13
projects/projects.js,78,js,6c81636b,PrishaMaiti,2026-04-30,23:14:37,-07:00,2026-04-30T23:14:37-07:00,0,44
projects/projects.js,79,js,6c81636b,PrishaMaiti,2026-04-30,23:14:37,-07:00,2026-04-30T23:14:37-07:00,0,22
projects/projects.js,80,js,6c81636b,PrishaMaiti,2026-04-30,23:14:37,-07:00,2026-04-30T23:14:37-07:00,0,24
projects/projects.js,81,js,6c81636b,PrishaMaiti,2026-04-30,23:14:37,-07:00,2026-04-30T23:14:37-07:00,0,55
projects/projects.js,82,js,6c81636b,PrishaMaiti,2026-04-30,23:14:37,-07:00,2026-04-30T23:14:37-07:00,0,18
projects/projects.js,83,js,6c81636b,PrishaMaiti,2026-04-30,23:14:37,-07:00,2026-04-30T23:14:37-07:00,0,47
projects/projects.js,84,js,6c81636b,PrishaMaiti,2026-04-30,23:14:37,-07:00,2026-04-30T23:14:37-07:00,0,59
projects/projects.js,85,js,6c81636b,PrishaMaiti,2026-04-30,23:14:37,-07:00,2026-04-30T23:14:37-07:00,0,11
projects/projects.js,86,js,6c81636b,PrishaMaiti,2026-04-30,23:14:37,-07:00,2026-04-30T23:14:37-07:00,0,1
projects/projects.js,87,js,6c81636b,PrishaMaiti,2026-04-30,23:14:37,-07:00,2026-04-30T23:14:37-07:00,0,1
projects/projects.js,88,js,6c81636b,PrishaMaiti,2026-04-30,23:14:37,-07:00,2026-04-30T23:14:37-07:00,0,0
projects/projects.js,89,js,6c81636b,PrishaMaiti,2026-04-30,23:14:37,-07:00,2026-04-30T23:14:37-07:00,0,14
projects/projects.js,90,js,6c81636b,PrishaMaiti,2026-04-30,23:14:37,-07:00,2026-04-30T23:14:37-07:00,0,22
projects/projects.js,91,js,6c81636b,PrishaMaiti,2026-04-30,23:14:37,-07:00,2026-04-30T23:14:37-07:00,0,24
projects/projects.js,92,js,6c81636b,PrishaMaiti,2026-04-30,23:14:37,-07:00,2026-04-30T23:14:37-07:00,0,6
projects/projects.js,93,js,6c81636b,PrishaMaiti,2026-04-30,23:14:37,-07:00,2026-04-30T23:14:37-07:00,0,11
projects/projects.js,94,js,6c81636b,PrishaMaiti,2026-04-30,23:14:37,-07:00,2026-04-30T23:14:37-07:00,0,76
projects/projects.js,95,js,6c81636b,PrishaMaiti,2026-04-30,23:14:37,-07:00,2026-04-30T23:14:37-07:00,0,50
projects/projects.js,96,js,6c81636b,PrishaMaiti,2026-04-30,23:14:37,-07:00,2026-04-30T23:14:37-07:00,0,18
projects/projects.js,97,js,6c81636b,PrishaMaiti,2026-04-30,23:14:37,-07:00,2026-04-30T23:14:37-07:00,0,47
projects/projects.js,98,js,6c81636b,PrishaMaiti,2026-04-30,23:14:37,-07:00,2026-04-30T23:14:37-07:00,0,51
projects/projects.js,99,js,6c81636b,PrishaMaiti,2026-04-30,23:14:37,-07:00,2026-04-30T23:14:37-07:00,0,11
projects/projects.js,100,js,6c81636b,PrishaMaiti,2026-04-30,23:14:37,-07:00,2026-04-30T23:14:37-07:00,0,0
projects/projects.js,101,js,6c81636b,PrishaMaiti,2026-04-30,23:14:37,-07:00,2026-04-30T23:14:37-07:00,0,69
projects/projects.js,102,js,6c81636b,PrishaMaiti,2026-04-30,23:14:37,-07:00,2026-04-30T23:14:37-07:00,0,1
projects/projects.js,103,js,6c81636b,PrishaMaiti,2026-04-30,23:14:37,-07:00,2026-04-30T23:14:37-07:00,0,0
projects/projects.js,104,js,6c81636b,PrishaMaiti,2026-04-30,23:14:37,-07:00,2026-04-30T23:14:37-07:00,0,0
projects/projects.js,105,js,6c81636b,PrishaMaiti,2026-04-30,23:14:37,-07:00,2026-04-30T23:14:37-07:00,0,0
projects/projects.js,106,js,6c81636b,PrishaMaiti,2026-04-30,23:14:37,-07:00,2026-04-30T23:14:37-07:00,0,29
projects/projects.js,107,js,6c81636b,PrishaMaiti,2026-04-30,23:14:37,-07:00,2026-04-30T23:14:37-07:00,0,52
projects/projects.js,108,js,6c81636b,PrishaMaiti,2026-04-30,23:14:37,-07:00,2026-04-30T23:14:37-07:00,0,61
projects/projects.js,109,js,6c81636b,PrishaMaiti,2026-04-30,23:14:37,-07:00,2026-04-30T23:14:37-07:00,0,42
projects/projects.js,110,js,6c81636b,PrishaMaiti,2026-04-30,23:14:37,-07:00,2026-04-30T23:14:37-07:00,0,1
projects/projects.js,111,js,6c81636b,PrishaMaiti,2026-04-30,23:14:37,-07:00,2026-04-30T23:14:37-07:00,0,0
projects/projects.js,112,js,6c81636b,PrishaMaiti,2026-04-30,23:14:37,-07:00,2026-04-30T23:14:37-07:00,0,17
projects/projects.js,113,js,6c81636b,PrishaMaiti,2026-04-30,23:14:37,-07:00,2026-04-30T23:14:37-07:00,0,72
projects/projects.js,114,js,6c81636b,PrishaMaiti,2026-04-30,23:14:37,-07:00,2026-04-30T23:14:37-07:00,0,0
projects/projects.js,115,js,6c81636b,PrishaMaiti,2026-04-30,23:14:37,-07:00,2026-04-30T23:14:37-07:00,0,0
projects/projects.js,116,js,6c81636b,PrishaMaiti,2026-04-30,23:14:37,-07:00,2026-04-30T23:14:37-07:00,0,21
projects/projects.js,117,js,6c81636b,PrishaMaiti,2026-04-30,23:14:37,-07:00,2026-04-30T23:14:37-07:00,0,0
projects/projects.js,118,js,6c81636b,PrishaMaiti,2026-04-30,23:14:37,-07:00,2026-04-30T23:14:37-07:00,0,0
projects/projects.js,119,js,6c81636b,PrishaMaiti,2026-04-30,23:14:37,-07:00,2026-04-30T23:14:37-07:00,0,21
projects/projects.js,120,js,6c81636b,PrishaMaiti,2026-04-30,23:14:37,-07:00,2026-04-30T23:14:37-07:00,0,43
projects/projects.js,121,js,6c81636b,PrishaMaiti,2026-04-30,23:14:37,-07:00,2026-04-30T23:14:37-07:00,0,55
projects/projects.js,122,js,6c81636b,PrishaMaiti,2026-04-30,23:14:37,-07:00,2026-04-30T23:14:37-07:00,0,0
projects/projects.js,123,js,6c81636b,PrishaMaiti,2026-04-30,23:14:37,-07:00,2026-04-30T23:14:37-07:00,0,18
projects/projects.js,124,js,6c81636b,PrishaMaiti,2026-04-30,23:14:37,-07:00,2026-04-30T23:14:37-07:00,0,63
projects/projects.js,125,js,6c81636b,PrishaMaiti,2026-04-30,23:14:37,-07:00,2026-04-30T23:14:37-07:00,0,0
projects/projects.js,126,js,6c81636b,PrishaMaiti,2026-04-30,23:14:37,-07:00,2026-04-30T23:14:37-07:00,0,0
projects/projects.js,127,js,6c81636b,PrishaMaiti,2026-04-30,23:14:37,-07:00,2026-04-30T23:14:37-07:00,0,30
projects/projects.js,128,js,6c81636b,PrishaMaiti,2026-04-30,23:14:37,-07:00,2026-04-30T23:14:37-07:00,0,0
projects/projects.js,129,js,6c81636b,PrishaMaiti,2026-04-30,23:14:37,-07:00,2026-04-30T23:14:37-07:00,0,0
projects/projects.js,130,js,6c81636b,PrishaMaiti,2026-04-30,23:14:37,-07:00,2026-04-30T23:14:37-07:00,0,43
projects/projects.js,131,js,6c81636b,PrishaMaiti,2026-04-30,23:14:37,-07:00,2026-04-30T23:14:37-07:00,0,11
projects/projects.js,132,js,6c81636b,PrishaMaiti,2026-04-30,23:14:37,-07:00,2026-04-30T23:14:37-07:00,0,0
projects/projects.js,133,js,6c81636b,PrishaMaiti,2026-04-30,23:14:37,-07:00,2026-04-30T23:14:37-07:00,0,25
projects/projects.js,134,js,6c81636b,PrishaMaiti,2026-04-30,23:14:37,-07:00,2026-04-30T23:14:37-07:00,0,48
projects/projects.js,135,js,6c81636b,PrishaMaiti,2026-04-30,23:14:37,-07:00,2026-04-30T23:14:37-07:00,0,25
projects/projects.js,136,js,6c81636b,PrishaMaiti,2026-04-30,23:14:37,-07:00,2026-04-30T23:14:37-07:00,0,11
projects/projects.js,137,js,6c81636b,PrishaMaiti,2026-04-30,23:14:37,-07:00,2026-04-30T23:14:37-07:00,0,1
projects/index.html,1,html,29585aba,PrishaMaiti,2026-04-02,10:43:39,-07:00,2026-04-02T10:43:39-07:00,0,13
projects/index.html,2,html,29585aba,PrishaMaiti,2026-04-02,10:43:39,-07:00,2026-04-02T10:43:39-07:00,0,14
projects/index.html,3,html,29585aba,PrishaMaiti,2026-04-02,10:43:39,-07:00,2026-04-02T10:43:39-07:00,0,4
projects/index.html,4,html,29585aba,PrishaMaiti,2026-04-02,10:43:39,-07:00,2026-04-02T10:43:39-07:00,2,20
projects/index.html,5,html,29585aba,PrishaMaiti,2026-04-02,10:43:39,-07:00,2026-04-02T10:43:39-07:00,2,68
projects/index.html,6,html,caa56360,PrishaMaiti,2026-04-10,21:07:13,-07:00,2026-04-10T21:07:13-07:00,2,36
projects/index.html,7,html,caa56360,PrishaMaiti,2026-04-10,21:07:13,-07:00,2026-04-10T21:07:13-07:00,2,41
projects/index.html,8,html,6c81636b,PrishaMaiti,2026-04-30,23:14:37,-07:00,2026-04-30T23:14:37-07:00,4,5
projects/index.html,9,html,6c81636b,PrishaMaiti,2026-04-30,23:14:37,-07:00,2026-04-30T23:14:37-07:00,4,18
projects/index.html,10,html,6c81636b,PrishaMaiti,2026-04-30,23:14:37,-07:00,2026-04-30T23:14:37-07:00,6,14
projects/index.html,11,html,6c81636b,PrishaMaiti,2026-04-30,23:14:37,-07:00,2026-04-30T23:14:37-07:00,6,10
projects/index.html,12,html,6c81636b,PrishaMaiti,2026-04-30,23:14:37,-07:00,2026-04-30T23:14:37-07:00,6,11
projects/index.html,13,html,6c81636b,PrishaMaiti,2026-04-30,23:14:37,-07:00,2026-04-30T23:14:37-07:00,6,16
projects/index.html,14,html,6c81636b,PrishaMaiti,2026-04-30,23:14:37,-07:00,2026-04-30T23:14:37-07:00,6,16
projects/index.html,15,html,6c81636b,PrishaMaiti,2026-04-30,23:14:37,-07:00,2026-04-30T23:14:37-07:00,6,13
projects/index.html,16,html,6c81636b,PrishaMaiti,2026-04-30,23:14:37,-07:00,2026-04-30T23:14:37-07:00,6,18
projects/index.html,17,html,6c81636b,PrishaMaiti,2026-04-30,23:14:37,-07:00,2026-04-30T23:14:37-07:00,6,24
projects/index.html,18,html,6c81636b,PrishaMaiti,2026-04-30,23:14:37,-07:00,2026-04-30T23:14:37-07:00,6,17
projects/index.html,19,html,6c81636b,PrishaMaiti,2026-04-30,23:14:37,-07:00,2026-04-30T23:14:37-07:00,4,0
projects/index.html,20,html,6c81636b,PrishaMaiti,2026-04-30,23:14:37,-07:00,2026-04-30T23:14:37-07:00,0,0
projects/index.html,21,html,6c81636b,PrishaMaiti,2026-04-30,23:14:37,-07:00,2026-04-30T23:14:37-07:00,4,21
projects/index.html,22,html,6c81636b,PrishaMaiti,2026-04-30,23:14:37,-07:00,2026-04-30T23:14:37-07:00,5,12
projects/index.html,23,html,6c81636b,PrishaMaiti,2026-04-30,23:14:37,-07:00,2026-04-30T23:14:37-07:00,5,8
projects/index.html,24,html,6c81636b,PrishaMaiti,2026-04-30,23:14:37,-07:00,2026-04-30T23:14:37-07:00,5,18
projects/index.html,25,html,6c81636b,PrishaMaiti,2026-04-30,23:14:37,-07:00,2026-04-30T23:14:37-07:00,5,14
projects/index.html,26,html,6c81636b,PrishaMaiti,2026-04-30,23:14:37,-07:00,2026-04-30T23:14:37-07:00,4,0
projects/index.html,27,html,6c81636b,PrishaMaiti,2026-04-30,23:14:37,-07:00,2026-04-30T23:14:37-07:00,0,0
projects/index.html,28,html,6c81636b,PrishaMaiti,2026-04-30,23:14:37,-07:00,2026-04-30T23:14:37-07:00,4,7
projects/index.html,29,html,6c81636b,PrishaMaiti,2026-04-30,23:14:37,-07:00,2026-04-30T23:14:37-07:00,5,15
projects/index.html,30,html,6c81636b,PrishaMaiti,2026-04-30,23:14:37,-07:00,2026-04-30T23:14:37-07:00,5,14
projects/index.html,31,html,6c81636b,PrishaMaiti,2026-04-30,23:14:37,-07:00,2026-04-30T23:14:37-07:00,5,8
projects/index.html,32,html,6c81636b,PrishaMaiti,2026-04-30,23:14:37,-07:00,2026-04-30T23:14:37-07:00,5,33
projects/index.html,33,html,6c81636b,PrishaMaiti,2026-04-30,23:14:37,-07:00,2026-04-30T23:14:37-07:00,5,17
projects/index.html,34,html,6c81636b,PrishaMaiti,2026-04-30,23:14:37,-07:00,2026-04-30T23:14:37-07:00,5,12
projects/index.html,35,html,6c81636b,PrishaMaiti,2026-04-30,23:14:37,-07:00,2026-04-30T23:14:37-07:00,5,57
projects/index.html,36,html,6c81636b,PrishaMaiti,2026-04-30,23:14:37,-07:00,2026-04-30T23:14:37-07:00,5,10
projects/index.html,37,html,6c81636b,PrishaMaiti,2026-04-30,23:14:37,-07:00,2026-04-30T23:14:37-07:00,5,14
projects/index.html,38,html,6c81636b,PrishaMaiti,2026-04-30,23:14:37,-07:00,2026-04-30T23:14:37-07:00,4,0
projects/index.html,39,html,6c81636b,PrishaMaiti,2026-04-30,23:14:37,-07:00,2026-04-30T23:14:37-07:00,0,0
projects/index.html,40,html,6c81636b,PrishaMaiti,2026-04-30,23:14:37,-07:00,2026-04-30T23:14:37-07:00,4,12
projects/index.html,41,html,6c81636b,PrishaMaiti,2026-04-30,23:14:37,-07:00,2026-04-30T23:14:37-07:00,5,12
projects/index.html,42,html,6c81636b,PrishaMaiti,2026-04-30,23:14:37,-07:00,2026-04-30T23:14:37-07:00,5,18
projects/index.html,43,html,6c81636b,PrishaMaiti,2026-04-30,23:14:37,-07:00,2026-04-30T23:14:37-07:00,5,10
projects/index.html,44,html,6c81636b,PrishaMaiti,2026-04-30,23:14:37,-07:00,2026-04-30T23:14:37-07:00,5,22
projects/index.html,45,html,6c81636b,PrishaMaiti,2026-04-30,23:14:37,-07:00,2026-04-30T23:14:37-07:00,5,17
projects/index.html,46,html,6c81636b,PrishaMaiti,2026-04-30,23:14:37,-07:00,2026-04-30T23:14:37-07:00,4,0
projects/index.html,47,html,6c81636b,PrishaMaiti,2026-04-30,23:14:37,-07:00,2026-04-30T23:14:37-07:00,0,0
projects/index.html,48,html,6c81636b,PrishaMaiti,2026-04-30,23:14:37,-07:00,2026-04-30T23:14:37-07:00,4,23
projects/index.html,49,html,6c81636b,PrishaMaiti,2026-04-30,23:14:37,-07:00,2026-04-30T23:14:37-07:00,5,16
projects/index.html,50,html,6c81636b,PrishaMaiti,2026-04-30,23:14:37,-07:00,2026-04-30T23:14:37-07:00,5,14
projects/index.html,51,html,6c81636b,PrishaMaiti,2026-04-30,23:14:37,-07:00,2026-04-30T23:14:37-07:00,4,0
projects/index.html,52,html,6c81636b,PrishaMaiti,2026-04-30,23:14:37,-07:00,2026-04-30T23:14:37-07:00,0,0
projects/index.html,53,html,6c81636b,PrishaMaiti,2026-04-30,23:14:37,-07:00,2026-04-30T23:14:37-07:00,4,51
projects/index.html,54,html,6c81636b,PrishaMaiti,2026-04-30,23:14:37,-07:00,2026-04-30T23:14:37-07:00,5,11
projects/index.html,55,html,6c81636b,PrishaMaiti,2026-04-30,23:14:37,-07:00,2026-04-30T23:14:37-07:00,4,0
projects/index.html,56,html,6c81636b,PrishaMaiti,2026-04-30,23:14:37,-07:00,2026-04-30T23:14:37-07:00,0,0
projects/index.html,57,html,6c81636b,PrishaMaiti,2026-04-30,23:14:37,-07:00,2026-04-30T23:14:37-07:00,4,9
projects/index.html,58,html,6c81636b,PrishaMaiti,2026-04-30,23:14:37,-07:00,2026-04-30T23:14:37-07:00,5,34
projects/index.html,59,html,6c81636b,PrishaMaiti,2026-04-30,23:14:37,-07:00,2026-04-30T23:14:37-07:00,5,18
projects/index.html,60,html,6c81636b,PrishaMaiti,2026-04-30,23:14:37,-07:00,2026-04-30T23:14:37-07:00,4,0
projects/index.html,61,html,6c81636b,PrishaMaiti,2026-04-30,23:14:37,-07:00,2026-04-30T23:14:37-07:00,0,0
projects/index.html,62,html,6c81636b,PrishaMaiti,2026-04-30,23:14:37,-07:00,2026-04-30T23:14:37-07:00,4,13
projects/index.html,63,html,6c81636b,PrishaMaiti,2026-04-30,23:14:37,-07:00,2026-04-30T23:14:37-07:00,5,23
projects/index.html,64,html,6c81636b,PrishaMaiti,2026-04-30,23:14:37,-07:00,2026-04-30T23:14:37-07:00,5,14
projects/index.html,65,html,6c81636b,PrishaMaiti,2026-04-30,23:14:37,-07:00,2026-04-30T23:14:37-07:00,4,0
projects/index.html,66,html,6c81636b,PrishaMaiti,2026-04-30,23:14:37,-07:00,2026-04-30T23:14:37-07:00,0,0
projects/index.html,67,html,6c81636b,PrishaMaiti,2026-04-30,23:14:37,-07:00,2026-04-30T23:14:37-07:00,4,21
projects/index.html,68,html,6c81636b,PrishaMaiti,2026-04-30,23:14:37,-07:00,2026-04-30T23:14:37-07:00,5,15
projects/index.html,69,html,6c81636b,PrishaMaiti,2026-04-30,23:14:37,-07:00,2026-04-30T23:14:37-07:00,5,65
projects/index.html,70,html,6c81636b,PrishaMaiti,2026-04-30,23:14:37,-07:00,2026-04-30T23:14:37-07:00,4,0
projects/index.html,71,html,6c81636b,PrishaMaiti,2026-04-30,23:14:37,-07:00,2026-04-30T23:14:37-07:00,0,0
projects/index.html,72,html,6c81636b,PrishaMaiti,2026-04-30,23:14:37,-07:00,2026-04-30T23:14:37-07:00,4,7
projects/index.html,73,html,6c81636b,PrishaMaiti,2026-04-30,23:14:37,-07:00,2026-04-30T23:14:37-07:00,5,9
projects/index.html,74,html,6c81636b,PrishaMaiti,2026-04-30,23:14:37,-07:00,2026-04-30T23:14:37-07:00,5,10
projects/index.html,75,html,6c81636b,PrishaMaiti,2026-04-30,23:14:37,-07:00,2026-04-30T23:14:37-07:00,5,20
projects/index.html,76,html,6c81636b,PrishaMaiti,2026-04-30,23:14:37,-07:00,2026-04-30T23:14:37-07:00,5,29
projects/index.html,77,html,6c81636b,PrishaMaiti,2026-04-30,23:14:37,-07:00,2026-04-30T23:14:37-07:00,5,20
projects/index.html,78,html,6c81636b,PrishaMaiti,2026-04-30,23:14:37,-07:00,2026-04-30T23:14:37-07:00,4,0
projects/index.html,79,html,6c81636b,PrishaMaiti,2026-04-30,23:14:37,-07:00,2026-04-30T23:14:37-07:00,0,0
projects/index.html,80,html,6c81636b,PrishaMaiti,2026-04-30,23:14:37,-07:00,2026-04-30T23:14:37-07:00,4,10
projects/index.html,81,html,6c81636b,PrishaMaiti,2026-04-30,23:14:37,-07:00,2026-04-30T23:14:37-07:00,5,20
projects/index.html,82,html,6c81636b,PrishaMaiti,2026-04-30,23:14:37,-07:00,2026-04-30T23:14:37-07:00,5,13
projects/index.html,83,html,6c81636b,PrishaMaiti,2026-04-30,23:14:37,-07:00,2026-04-30T23:14:37-07:00,5,21
projects/index.html,84,html,6c81636b,PrishaMaiti,2026-04-30,23:14:37,-07:00,2026-04-30T23:14:37-07:00,5,17
projects/index.html,85,html,6c81636b,PrishaMaiti,2026-04-30,23:14:37,-07:00,2026-04-30T23:14:37-07:00,5,10
projects/index.html,86,html,6c81636b,PrishaMaiti,2026-04-30,23:14:37,-07:00,2026-04-30T23:14:37-07:00,5,14
projects/index.html,87,html,6c81636b,PrishaMaiti,2026-04-30,23:14:37,-07:00,2026-04-30T23:14:37-07:00,5,20
projects/index.html,88,html,6c81636b,PrishaMaiti,2026-04-30,23:14:37,-07:00,2026-04-30T23:14:37-07:00,4,0
projects/index.html,89,html,6c81636b,PrishaMaiti,2026-04-30,23:14:37,-07:00,2026-04-30T23:14:37-07:00,4,6
projects/index.html,90,html,29585aba,PrishaMaiti,2026-04-02,10:43:39,-07:00,2026-04-02T10:43:39-07:00,0,5
projects/index.html,91,html,29585aba,PrishaMaiti,2026-04-02,10:43:39,-07:00,2026-04-02T10:43:39-07:00,0,4
projects/index.html,92,html,061daa1b,PrishaMaiti,2026-04-23,22:19:47,-07:00,2026-04-23T22:19:47-07:00,2,38
projects/index.html,93,html,cdbf8d1e,PrishaMaiti,2026-04-03,18:38:01,-07:00,2026-04-03T18:38:01-07:00,0,0
projects/index.html,94,html,6c81636b,PrishaMaiti,2026-04-30,23:14:37,-07:00,2026-04-30T23:14:37-07:00,2,4
projects/index.html,95,html,6c81636b,PrishaMaiti,2026-04-30,23:14:37,-07:00,2026-04-30T23:14:37-07:00,3,15
projects/index.html,96,html,6c81636b,PrishaMaiti,2026-04-30,23:14:37,-07:00,2026-04-30T23:14:37-07:00,3,11
projects/index.html,97,html,6c81636b,PrishaMaiti,2026-04-30,23:14:37,-07:00,2026-04-30T23:14:37-07:00,3,26
projects/index.html,98,html,6c81636b,PrishaMaiti,2026-04-30,23:14:37,-07:00,2026-04-30T23:14:37-07:00,3,31
projects/index.html,99,html,6c81636b,PrishaMaiti,2026-04-30,23:14:37,-07:00,2026-04-30T23:14:37-07:00,2,0
projects/index.html,100,html,6c81636b,PrishaMaiti,2026-04-30,23:14:37,-07:00,2026-04-30T23:14:37-07:00,0,0
projects/index.html,101,html,6c81636b,PrishaMaiti,2026-04-30,23:14:37,-07:00,2026-04-30T23:14:37-07:00,4,26
projects/index.html,102,html,cdbf8d1e,PrishaMaiti,2026-04-03,18:38:01,-07:00,2026-04-03T18:38:01-07:00,0,0
projects/index.html,103,html,061daa1b,PrishaMaiti,2026-04-23,22:19:47,-07:00,2026-04-23T22:19:47-07:00,2,48
projects/index.html,104,html,061daa1b,PrishaMaiti,2026-04-23,22:19:47,-07:00,2026-04-23T22:19:47-07:00,2,47
projects/index.html,105,html,29585aba,PrishaMaiti,2026-04-02,10:43:39,-07:00,2026-04-02T10:43:39-07:00,0,5
projects/index.html,106,html,29585aba,PrishaMaiti,2026-04-02,10:43:39,-07:00,2026-04-02T10:43:39-07:00,0,5
contact/index.html,1,html,29585aba,PrishaMaiti,2026-04-02,10:43:39,-07:00,2026-04-02T10:43:39-07:00,0,13
contact/index.html,2,html,29585aba,PrishaMaiti,2026-04-02,10:43:39,-07:00,2026-04-02T10:43:39-07:00,0,14
contact/index.html,3,html,29585aba,PrishaMaiti,2026-04-02,10:43:39,-07:00,2026-04-02T10:43:39-07:00,0,4
contact/index.html,4,html,29585aba,PrishaMaiti,2026-04-02,10:43:39,-07:00,2026-04-02T10:43:39-07:00,2,20
contact/index.html,5,html,29585aba,PrishaMaiti,2026-04-02,10:43:39,-07:00,2026-04-02T10:43:39-07:00,2,68
contact/index.html,6,html,caa56360,PrishaMaiti,2026-04-10,21:07:13,-07:00,2026-04-10T21:07:13-07:00,2,35
contact/index.html,7,html,caa56360,PrishaMaiti,2026-04-10,21:07:13,-07:00,2026-04-10T21:07:13-07:00,2,41
contact/index.html,8,html,29585aba,PrishaMaiti,2026-04-02,10:43:39,-07:00,2026-04-02T10:43:39-07:00,0,5
contact/index.html,9,html,29585aba,PrishaMaiti,2026-04-02,10:43:39,-07:00,2026-04-02T10:43:39-07:00,0,4
contact/index.html,10,html,29585aba,PrishaMaiti,2026-04-02,10:43:39,-07:00,2026-04-02T10:43:39-07:00,2,14
contact/index.html,11,html,d9423522,PrishaMaiti,2026-04-15,23:57:40,-07:00,2026-04-15T23:57:40-07:00,2,56
contact/index.html,12,html,29585aba,PrishaMaiti,2026-04-02,10:43:39,-07:00,2026-04-02T10:43:39-07:00,0,0
contact/index.html,13,html,29585aba,PrishaMaiti,2026-04-02,10:43:39,-07:00,2026-04-02T10:43:39-07:00,4,5
contact/index.html,14,html,29585aba,PrishaMaiti,2026-04-02,10:43:39,-07:00,2026-04-02T10:43:39-07:00,6,5
contact/index.html,15,html,29585aba,PrishaMaiti,2026-04-02,10:43:39,-07:00,2026-04-02T10:43:39-07:00,6,29
contact/index.html,16,html,29585aba,PrishaMaiti,2026-04-02,10:43:39,-07:00,2026-04-02T10:43:39-07:00,4,6
contact/index.html,17,html,29585aba,PrishaMaiti,2026-04-02,10:43:39,-07:00,2026-04-02T10:43:39-07:00,0,0
contact/index.html,18,html,29585aba,PrishaMaiti,2026-04-02,10:43:39,-07:00,2026-04-02T10:43:39-07:00,4,5
contact/index.html,19,html,29585aba,PrishaMaiti,2026-04-02,10:43:39,-07:00,2026-04-02T10:43:39-07:00,6,5
contact/index.html,20,html,29585aba,PrishaMaiti,2026-04-02,10:43:39,-07:00,2026-04-02T10:43:39-07:00,6,49
contact/index.html,21,html,29585aba,PrishaMaiti,2026-04-02,10:43:39,-07:00,2026-04-02T10:43:39-07:00,4,6
contact/index.html,22,html,29585aba,PrishaMaiti,2026-04-02,10:43:39,-07:00,2026-04-02T10:43:39-07:00,0,0
contact/index.html,23,html,29585aba,PrishaMaiti,2026-04-02,10:43:39,-07:00,2026-04-02T10:43:39-07:00,4,21
contact/index.html,24,html,29585aba,PrishaMaiti,2026-04-02,10:43:39,-07:00,2026-04-02T10:43:39-07:00,2,5
contact/index.html,25,html,29585aba,PrishaMaiti,2026-04-02,10:43:39,-07:00,2026-04-02T10:43:39-07:00,0,0
contact/index.html,26,html,061daa1b,PrishaMaiti,2026-04-23,22:19:47,-07:00,2026-04-23T22:19:47-07:00,2,54
contact/index.html,27,html,29585aba,PrishaMaiti,2026-04-02,10:43:39,-07:00,2026-04-02T10:43:39-07:00,0,5
contact/index.html,28,html,29585aba,PrishaMaiti,2026-04-02,10:43:39,-07:00,2026-04-02T10:43:39-07:00,0,5
